"";"dz_name.x";"diff_raw";"factor_raw";"diff";"factor"
"1";"Igor Stravinsky";839;11,6527777777778;347;5,91477272727272
"2";"Jacques Offenbach";3207;9,34985422740525;1455;9,35082820091048
"3";"Joseph Haydn";1400;8,09248554913295;408;4,00093392481907
"4";"Richard Strauss";1065;7,60714285714286;308;5,73556797020484
"5";"Robert Schumann";2320;5,42056074766355;792;4,18436147730704
"6";"Henry Purcell";1751;5,09011627906977;687;6,75294888597643
"7";"Georges Bizet";2164;5,05607476635514;1014;3,32056288271482
"8";"Christoph Willibald Gluck";528;4,51282051282051;139;4,71186440677966
"9";"Felix Mendelssohn";1765;4,50255102040816;640;2,85843413531835
"10";"Franz Liszt";2578;3,86506746626687;1120;2,94866169372532
"11";"Gustav Mahler";868;3,84070796460177;305;2,04158692835137
"12";"Franz Schubert";6809;3,80816554809843;2639;3,2887467287002
"13";"Hector Berlioz";674;3,7032967032967;241;2,70302026864635
"14";"Antonio Vivaldi";27164;3,53283912082195;10203;1,81072373567601
"15";"Jean Sibelius";799;3,07307692307692;249;2,20289000294899
"16";"Gioachino Rossini";1190;2,71070615034169;330;1,82165119549594
"17";"Wolfgang Amadeus Mozart";26278;2,6535393315157;10190;2,47485335341579
"18";"Giacomo Puccini";2222;2,57175925925926;665;3,56237883065202
"19";"Pyotr Ilyich Tchaikovsky";6932;2,49801801801802;2408;1,17988401353759
"20";"Richard Wagner";1319;2,28596187175043;510;1,53333784365111
"21";"Ludwig van Beethoven";12239;2,23584216295214;5536;1,65762715093972
"22";"Johann Sebastian Bach";21126;1,99622035339696;8897;1,46497449968542
"23";"Maurice Ravel";2437;1,88185328185328;871;1,45263220593053
"24";"George Gershwin";517;1,6517571884984;146;0,80551724137931
"25";"Domenico Scarlatti";132;1,65;49;1,20987654320988
"26";"Johannes Brahms";3004;1,64332603938731;995;1,37099552187392
"27";"Claude Debussy";4244;1,30303960700031;1860;1,01360490817287
"28";"Giuseppe Verdi";2694;1,2;845;1,28639209002711
"29";"Sergei Prokofiev";1010;1,18405627198124;353;0,862026862026862
"30";"Georg Friedrich Haendel";1382;1,18119658119658;405;0,7298669777028
"31";"Jean-Baptiste Lully";870;1,10126582278481;296;0,924807331805873
"32";"Carl Orff";481;1,01476793248945;238;1,24331193290063
"33";"Meredith Monk";61;0,968253968253968;20;0,436363636363637
"34";"Antonio Salieri";54;0,964285714285714;15;0,350194552529183
"35";"Edvard Grieg";530;0,568669527896996;134;0,249530025183556
"36";"Federico Mompou";23;0,560975609756098;11;0,268292682926829
"37";"Francis Poulenc";66;0,545454545454545;26;0,476169711769067
"38";"Erik Satie";2203;0,540613496932515;1014;0,311413106069331
"39";"Manuel De Falla";14;0,466666666666667;6;0,210526315789474
"40";"Sergei Rachmaninov";801;0,434146341463415;297;0,488286066584464
"41";"Gustav Holst";25;0,409836065573771;12;0,374025974025974
"42";"Dmitri Shostakovich";50;0,36231884057971;14;0,251346499102334
"43";"Arvo Pärt";113;0,361022364217252;33;0,156805068446657
"44";"John Williams";546;0,331109763493026;179;0,133953388924525
"45";"Steve Reich";32;0,26890756302521;15;0,182555780933063
"46";"Jean-Philippe Rameau";25;0,233644859813084;11;0,165995975855131
"47";"Edward Elgar";18;0,216867469879518;9;0,1875
"48";"Philip Glass";748;0,155800874817746;367;0,105533056960054
"49";"Jacques Revaux";61;0,137697516930023;29;0,105266341994616
"50";"Camille Saint-Saëns";85;0,065738592420727;34;0,0598922107970949
"51";"Gabriel Fauré";47;0,0547785547785548;19;0,0479189537531328
"52";"Leonard Bernstein";61;0,0342312008978676;-35;-0,0264606016733735
"53";"Saint-Preux";43;0,0167055167055167;18;0,00703308153164888
"54";"Wilhelm Furtwängler";2;0,00995024875621891;-14;-0,131826741996234
"55";"Frédéric Chopin";92;0,00902845927379784;41;0,00577489189684071
"56";"Michael Nyman";17;0,00676751592356688;6;0,00243872147768456
"57";"Antonín DVOŘÁK";3;0,00612244897959184;-9;-0,0381336696090794
"58";"Domenico Cimarosa";1;0,00606060606060606;-26;-0,313253012048193
"59";"Ludovico Einaudi";213;0,0046096911723332;93;0,00218990735279054
"60";"Sofiane Pamart";0;0;-2566;-0,0249859214816282
"61";"RIOPY";0;0;-17;-0,00100324579521983
"62";"Arthur Rubinstein";0;0;-74;-0,00537842814226183
"63";"Alexis Ffrench";0;0;-6;-0,000701057428287667
"64";"Alexandre Tharaud";0;0;-1885;-0,221986692574928
"65";"The Vivaldi Festival Ensemble";0;0;-3578;-0,499790473529823
"66";"Lang Lang";0;0;-789;-0,130668801236578
"67";"London Symphony Orchestra";0;0;-213;-0,0381169340093883
"68";"Berliner Philharmoniker";0;0;-365;-0,0683856188804689
"69";"Herbert von Karajan";0;0;-226;-0,0456388617290174
"70";"2CELLOS";0;0;-50;-0,010478885046631
"71";"Luciano Pavarotti";0;0;-33;-0,00823279194824972
"72";"Gautier Capuçon";0;0;-80;-0,0211168915935574
"73";"Maria Callas";0;0;-448;-0,118754262713871
"74";"Jordi Savall";0;0;-637;-0,17072971100954
"75";"Thibault Cauvin";0;0;-93;-0,0252169197396963
"76";"Glenn Gould";0;0;-1364;-0,375766202162584
"77";"Wiener Philharmoniker";0;0;-176;-0,048873386826657
"78";"Daniel Barenboim";0;0;-929;-0,262408287738509
"79";"KHATIA BUNIATISHVILI";0;0;-171;-0,0502867225408028
"80";"Renaud Capuçon";0;0;-541;-0,164736452126958
"81";"Joep Beving";0;0;-14;-0,00442711078317698
"82";"Philippe Jaroussky";0;0;-240;-0,0858913403278589
"83";"Yo-Yo Ma";0;0;-566;-0,206831027090236
"84";"John Eliot Gardiner";0;0;-447;-0,165108590006904
"85";"Olga Scheps";0;0;-525;-0,215782983970407
"86";"Olivia Belli";0;0;-7;-0,00288065843621399
"87";"Carlos Cipa";0;0;-162;-0,0724184175234689
"88";"Marc Minkowski";0;0;-961;-0,437698616666713
"89";"Vikingur Olafsson";0;0;-249;-0,116895659055446
"90";"Belle Chen";0;0;-435;-0,206161137440758
"91";"Royal Philharmonic Orchestra";0;0;-238;-0,122144045905437
"92";"Jakub Józef Orliński";0;0;-768;-0,400424060202644
"93";"Martha Argerich";0;0;-108;-0,0568460825893208
"94";"David Fray";0;0;-839;-0,446692399840277
"95";"Daniel Hope";0;0;-192;-0,103418756833185
"96";"Chloe Flower";0;0;-392;-0,228438228438228
"97";"London Philharmonic Orchestra";0;0;-58;-0,0345726541178156
"98";"Fazıl Say";0;0;-543;-0,328361217496472
"99";"William Christie";0;0;-282;-0,175376250466426
"100";"Maria João Pires";0;0;-187;-0,116692667706708
"101";"Vanessa Wagner";0;0;-10;-0,00638841567291313
"102";"Sir Neville Marriner";0;0;-62;-0,0399737499568255
"103";"Hania Rani";0;0;-20;-0,0131093097948393
"104";"Valentina Lisitsa";0;0;-27;-0,0179342411159083
"105";"Stéphane Blet";0;0;-151;-0,101820633850303
"106";"Christian-Pierre La Marca";0;0;-100;-0,068744271310724
"107";"Bertrand Chamayou";0;0;-313;-0,227834699076882
"108";"Anne Queffélec";0;0;-237;-0,172530939092453
"109";"Inger Södergren";0;0;-11;-0,00825206301575394
"110";"Nemanja Radulovic";0;0;-8;-0,0060388614458727
"111";"Thomas Enhco";0;0;-106;-0,0815071126489812
"112";"Lorin Maazel";0;0;-157;-0,121289710240096
"113";"Boston Symphony Orchestra";0;0;-73;-0,0566711520546529
"114";"Florian Christl";0;0;-216;-0,169989506820566
"115";"Natalie Dessay";0;0;-197;-0,159461856386039
"116";"Michel Plasson";0;0;-348;-0,284771282834621
"117";"Hélène Grimaud";0;0;-233;-0,192734541945267
"118";"Lavinia Meijer";0;0;-12;-0,0102055279943303
"119";"Claudio Abbado";0;0;-162;-0,140036527077375
"120";"IGOR LEVIT";0;0;-180;-0,155844155844156
"121";"L'Orchestre National du Bolchoï";0;0;-330;-0,2864334693169
"122";"Guillaume Ferran";0;0;-358;-0,317375886524823
"123";"Eric Le Sage";0;0;-49;-0,0436629340303563
"124";"Itzhak Perlman";0;0;-223;-0,1999103541013
"125";"Esther Abrami";0;0;-73;-0,0664643399089532
"126";"Jan Lisiecki";0;0;-32;-0,0297144625860867
"127";"Claudio Arrau";0;0;-65;-0,0609422611141497
"128";"Academy Of St Martin In The Fields";0;0;-70;-0,0661721301236331
"129";"English Baroque Soloists";0;0;-132;-0,126561617176219
"130";"Konzerthaus Kammerorchester Berlin";0;0;-187;-0,18160335367334
"131";"Alice Sara Ott";0;0;-266;-0,258629071463296
"132";"Tina Guo";0;0;-12;-0,0116959064327485
"133";"Alfred Brendel";0;0;-77;-0,0757004751761426
"134";"André de Ridder";0;0;-187;-0,183955535881167
"135";"Mstislav Rostropovich";0;0;-387;-0,385541368489217
"136";"Wilhelm Kempff";0;0;-71;-0,0723812760173307
"137";"Laurence Equilbey";0;0;-207;-0,212087576995792
"138";"Karl Böhm";0;0;-73;-0,0751076428876361
"139";"Ben Kim";0;0;-30;-0,0316789862724393
"140";"Philharmonia Orchestra";0;0;-89;-0,0942691502982609
"141";"James Levine";0;0;-70;-0,0742400397284218
"142";"Lucas Debargue";0;0;-89;-0,0951362907536077
"143";"Nikolaus Harnoncourt";0;0;-271;-0,298348623853211
"144";"Roberto Alagna";0;0;-16;-0,0177631875623218
"145";"Christina Pluhar";0;0;-60;-0,0671015843429636
"146";"Riccardo Muti";0;0;-243;-0,27562850915926
"147";"Patricia Petibon";0;0;-8;-0,00932491500728509
"148";"Leif Ove Andsnes";0;0;-233;-0,283742642581693
"149";"Seiji Ozawa";0;0;-85;-0,107220193837292
"150";"Chineke! Orchestra";0;0;-80;-0,103225806451613
"151";"Sir Thomas Beecham";0;0;-240;-0,310337183813207
"152";"Shani Diluka";0;0;-61;-0,0800787659993436
"153";"Zubin Mehta";0;0;-71;-0,0940811731436426
"154";"Vladimir Ashkenazy";0;0;-38;-0,0507795100222717
"155";"André Previn";0;0;-222;-0,2981525351013
"156";"les Arts Florissants";0;0;-45;-0,0614148818982072
"157";"Julia Gjertsen";0;0;-252;-0,352447552447552
"158";"Montserrat Caballé";0;0;-26;-0,0364879156055451
"159";"Murray Perahia";0;0;-222;-0,314150943396226
"160";"Rafael Kubelik";0;0;-6;-0,00851074368814654
"161";"Richard Bonynge";0;0;-7;-0,0100588534161611
"162";"Chicago Symphony Orchestra";0;0;-24;-0,0346998931913773
"163";"Fabio Biondi";0;0;-191;-0,276224450443502
"164";"Sir Georg Solti";0;0;-67;-0,100979745422393
"165";"Teodor Currentzis";0;0;-147;-0,222054380664653
"166";"Thibaut Garcia";0;0;-53;-0,0801209372637944
"167";"Karl Richter";0;0;-72;-0,109404282106756
"168";"Orpheus Chamber Orchestra";0;0;-35;-0,0534242393405923
"169";"Samson François";0;0;-20;-0,0307455803228286
"170";"Nelson Freire";0;0;-14;-0,0223687973030636
"171";"Martin Fröst";0;0;-139;-0,22228144989339
"172";"Yuja Wang";0;0;-8;-0,01280463405804
"173";"Plácido Domingo";0;0;-11;-0,0178087129764847
"174";"Chorus";0;0;-107;-0,174819598156108
"175";"Anne-Sophie Mutter";0;0;-156;-0,266704658783302
"176";"Vladimir Horowitz";0;0;-32;-0,0550143266475644
"177";"Joshua Bell";0;0;-50;-0,0860215053763441
"178";"English Chamber Orchestra";0;0;-36;-0,0620303875053077
"179";"Christoph Eschenbach";0;0;-200;-0,345582306185923
"180";"Brigitte Engerer";0;0;-191;-0,331634234971661
"181";"I Virtuosi Italiani";0;0;-7;-0,0121615752135515
"182";"Europa Galante";0;0;-169;-0,297116736990155
"183";"Trevor Pinnock";0;0;-28;-0,0492738806532979
"184";"Elisabeth Leonskaja";0;0;-169;-0,298059964726631
"185";"Maurizio Pollini";0;0;-14;-0,0247169190520901
"186";"Orchestre de Chambre National de Toulouse";0;0;-179;-0,317497856741656
"187";"Philippe Cassard";0;0;-191;-0,343370786516854
"188";"Milos Karadaglic";0;0;-20;-0,0360252176523566
"189";"Alain Moglia";0;0;-175;-0,321425291578657
"190";"Eugene Ormandy";0;0;-30;-0,0553607676693117
"191";"Iyad Sughayer";0;0;-73;-0,135645710746361
"192";"Jean-François Paillard";0;0;-77;-0,145000313853493
"193";"The Philadelphia Orchestra";0;0;-12;-0,0228096615209156
"194";"Carlo Maria Giulini";0;0;-38;-0,0722616087565133
"195";"Münchener Bach-Orchester";0;0;-54;-0,102786753742335
"196";"Zhu Xiao-Mei";0;0;-89;-0,170334928229665
"197";"Jean Rondeau";0;0;-89;-0,170989433237272
"198";"Il Giardino Armonico";0;0;-110;-0,211558803731128
"199";"YUNDI";0;0;-75;-0,144508670520231
"200";"Luka Sulic";0;0;-159;-0,30635838150289
"201";"Monteverdi Choir";0;0;-44;-0,0852752512659073
"202";"Vassilena Serafimova";0;0;-106;-0,205758654157231
"203";"Roger Eno";0;0;-7;-0,0136164694439942
"204";"Edgar Moreau";0;0;-20;-0,0390648120745783
"205";"Jean-Marc Luisada";0;0;-8;-0,0157946692991115
"206";"Simon Ghraichy";0;0;-132;-0,262948207171315
"207";"JB Dunckel";0;0;-17;-0,034136546184739
"208";"Sabine Devieilhe";0;0;-94;-0,189430197994861
"209";"The English Concert";0;0;-28;-0,0565178107999
"210";"Riccardo Chailly";0;0;-66;-0,134242587314695
"211";"Mozart";0;0;-25;-0,0511113887532228
"212";"Elsa Dreisig";0;0;-164;-0,341015421937272
"213";"Reinhard Goebel";0;0;-69;-0,143799930531435
"214";"François Lazarevitch";0;0;-38;-0,0795117698343504
"215";"Raphaela Gromes";0;0;-12;-0,0253878702397743
"216";"Mari Samuelsen";0;0;-14;-0,030002143010215
"217";"Choir of King's College, Cambridge";0;0;-30;-0,064892823836188
"218";"Yannick Nézet-Séguin";0;0;-17;-0,0369152789491256
"219";"Les Musiciens de Saint-Julien";0;0;-29;-0,063399526325378
"220";"Accentus";0;0;-10;-0,0219610905250095
"221";"Aurélien Pontier";0;0;-120;-0,269360269360269
"222";"Raphael Alpermann";0;0;-77;-0,174345261841353
"223";"Georges Prêtre";0;0;-155;-0,35576297769787
"224";"Nikolai Lugansky";0;0;-54;-0,124042879019908
"225";"Sol Gabetta";0;0;-71;-0,163560372535899
"226";"Barbara Hendricks";0;0;-35;-0,0813209499514061
"227";"Le Concert des Nations";0;0;-37;-0,0860065086006509
"228";"William Fred Scott";0;0;-107;-0,249417249417249
"229";"The Atlanta Opera Orchestra";0;0;-107;-0,249417249417249
"230";"Antonio Pappano";0;0;-150;-0,34966928585052
"231";"Charles Dutoit";0;0;-67;-0,156301638834348
"232";"Wiener Staatsopernchor";0;0;-6;-0,0143933674519214
"233";"Paavo Järvi";0;0;-9;-0,0216441540743116
"234";"Nathalie Stutzmann";0;0;-31;-0,074745674476377
"235";"Musica Antiqua Köln";0;0;-34;-0,0832449196115238
"236";"Maurice Andre";0;0;-6;-0,0148053275678724
"237";"Scott Ross";0;0;-155;-0,384615384615385
"238";"Alessandra Celletti";0;0;-36;-0,091254752851711
"239";"Jonas Kaufmann";0;0;-70;-0,179594629265372
"240";"Elena Urioste";0;0;-67;-0,174934725848564
"241";"Valérie Duchateau";0;0;-221;-0,577023498694517
"242";"Amy Dickson";0;0;-12;-0,031496062992126
"243";"Daniil Trifonov";0;0;-21;-0,0554821664464993
"244";"Daniel Varsano";0;0;-168;-0,452830188679245
"245";"Andreas Scholl";0;0;-7;-0,0190697754869063
"246";"Nigel Kennedy";0;0;-143;-0,391459074733096
"247";"Kurt Redel";0;0;-14;-0,0385905269444572
"248";"Julian Riem";0;0;-11;-0,0311909262759924
"249";"Academy Of Ancient Music";0;0;-48;-0,136153659129589
"250";"Diego Fasolis";0;0;-14;-0,040085761714689
"251";"András Schiff";0;0;-57;-0,165521246733133
"252";"Cecilia Bartoli";0;0;-21;-0,0611840648997577
"253";"Renée Fleming";0;0;-16;-0,0468619246861925
"254";"Abdel Rahman El Bacha";0;0;-30;-0,0881488736532812
"255";"Isaac Stern";0;0;-23;-0,0682054070083526
"256";"Ivo Pogorelich";0;0;-25;-0,0749437921558832
"257";"Metropolitan Opera Orchestra";0;0;-31;-0,0929570278821072
"258";"Sir Colin Davis";0;0;-45;-0,13764992492374
"259";"Rudolf Buchbinder";0;0;-36;-0,11014788373279
"260";"Double Sens";0;0;-7;-0,0218818380743983
"261";"Daniel Harding";0;0;-20;-0,063391442155309
"262";"Aldo Ciccolini";0;0;-106;-0,336686077289572
"263";"Chamber Orchestra of Europe";0;0;-40;-0,127097967567322
"264";"Angèle Dubeau";0;0;-41;-0,130642591609135
"265";"Christopher Hogwood";0;0;-44;-0,141117177656447
"266";"Ensemble Matheus";0;0;-71;-0,228549867422093
"267";"Concerto Köln";0;0;-102;-0,328572122501259
"268";"Sandrine Piau";0;0;-14;-0,0451450404018287
"269";"Mikhail Pletnev";0;0;-85;-0,275080906148867
"270";"Beaux Arts Trio";0;0;-101;-0,327744726879394
"271";"Sonia Wieder-Atherton";0;0;-30;-0,09765625
"272";"Myung-Whun Chung";0;0;-16;-0,0527323519256724
"273";"Rinaldo Alessandrini";0;0;-61;-0,201153373558773
"274";"Salvatore Accardo";0;0;-6;-0,019824880224682
"275";"Dietrich Fischer-Dieskau";0;0;-72;-0,238611571030472
"276";"Philippe Herreweghe";0;0;-38;-0,126113668240454
"277";"José Carreras";0;0;-7;-0,0232569177464522
"278";"Sir Simon Rattle & Wiener Philharmoniker";0;0;-136;-0,453333333333333
"279";"Anne Gastinel";0;0;-74;-0,246707784630772
"280";"Jean-christophe Spinosi";0;0;-66;-0,224499236063414
"281";"Les Musiciens du Louvre";0;0;-27;-0,0922568140077411
"282";"Hilary Hahn";0;0;-54;-0,185215431352693
"283";"NDR Elbphilharmonie Orchester";0;0;-21;-0,0723570599406869
"284";"La Pieta";0;0;-40;-0,137931034482759
"285";"Walter Gieseking";0;0;-83;-0,288194444444444
"286";"Paul Ji";0;0;-9;-0,0314685314685315
"287";"Thomas Dunford";0;0;-24;-0,0841465552503943
"288";"Yehudi Menuhin";0;0;-62;-0,217798594847775
"289";"Quatuor Ébène";0;0;-99;-0,349411764705883
"290";"Emmanuel Pahud";0;0;-43;-0,153431391983507
"291";"The Orchestra of the Royal Opera House, Covent Garden";0;0;-53;-0,189285714285714
"292";"Jan Vogler";0;0;-66;-0,236842105263158
"293";"Gewandhausorchester";0;0;-48;-0,173843058350101
"294";"Sir John Barbirolli";0;0;-27;-0,0981699187977216
"295";"Gidon Kremer";0;0;-40;-0,146277541318326
"296";"Frank Braley";0;0;-50;-0,184295766782084
"297";"Ray Chen";0;0;-15;-0,0553846153846155
"298";"Kiri Te Kanawa";0;0;-20;-0,0742511601743776
"299";"Concerto Italiano";0;0;-46;-0,172715122853912
"300";"Pachelbel Orchestra";0;0;-23;-0,0869565217391304
"301";"Mao Fujita";0;0;-90;-0,340909090909091
"302";"Gunther Hasselmann";0;0;-131;-0,496212121212121
"303";"Skip Sempe";0;0;-70;-0,269368907131862
"304";"Giovanni Antonini";0;0;-38;-0,146341463414634
"305";"Pierre Fournier";0;0;-27;-0,10424039637089
"306";"Kent Nagano";0;0;-13;-0,0502027418420545
"307";"John Alldis Choir";0;0;-17;-0,0658719187887194
"308";"Orchestre National De France";0;0;-12;-0,0465868650922032
"309";"Bernard Haitink";0;0;-14;-0,0544555566360229
"310";"Anne Sofie von Otter";0;0;-19;-0,0741994794991325
"311";"Emmanuelle Haïm";0;0;-21;-0,082063305978898
"312";"Timothy Ridout";0;0;-25;-0,0985167752175578
"313";"Tullio Serafin";0;0;-82;-0,324047647424116
"314";"Théotime Langlois de Swarte";0;0;-10;-0,0396039603960396
"315";"Orchestra del Teatro Comunale di Bologna";0;0;-19;-0,0752599438851297
"316";"Orchestre de Paris";0;0;-9;-0,0357886763870478
"317";"Raphaël Pichon";0;0;-67;-0,267433296110623
"318";"San Francisco Symphony";0;0;-11;-0,0443101711983887
"319";"Bruno Fontaine";0;0;-97;-0,394041976980365
"320";"Jacqueline du Pré";0;0;-26;-0,105762711864407
"321";"Venice Baroque Orchestra";0;0;-13;-0,0529711375212223
"322";"Krystian Zimerman";0;0;-12;-0,0491803278688525
"323";"Ferenc Fricsay";0;0;-24;-0,0988104515578819
"324";"Diana Damrau";0;0;-13;-0,0538258858955745
"325";"Stephen Cleobury";0;0;-11;-0,0461190610478611
"326";"The King's Singers";0;0;-18;-0,0756832515767345
"327";"Bryn Terfel";0;0;-37;-0,155619586472413
"328";"Shida Shahabi";0;0;-87;-0,36864406779661
"329";"Göran Söllscher";0;0;-16;-0,0679309368808379
"330";"Akademie fur Alte Musik Berlin";0;0;-31;-0,131811616700188
"331";"Sviatoslav Richter";0;0;-8;-0,0340208377631299
"332";"London Festival Orchestra";0;0;-13;-0,055706327667476
"333";"Trio Wanderer";0;0;-83;-0,3567335243553
"334";"Russian National Orchestra";0;0;-57;-0,247288503253796
"335";"Laurent Naouri";0;0;-105;-0,457084814626713
"336";"Alain Boulfroy";0;0;-9;-0,0393013100436681
"337";"Ochestre de chambre tchécoslovaque de Prague";0;0;-9;-0,0393013100436681
"338";"Mitsuko Uchida";0;0;-16;-0,0701497990500549
"339";"Anna Netrebko";0;0;-9;-0,0396424488825654
"340";"Paul Agnew";0;0;-41;-0,181979582778518
"341";"John Nelson";0;0;-74;-0,329010744720266
"342";"Jean-Pierre Rampal";0;0;-74;-0,329719293034309
"343";"Georges Cziffra";0;0;-44;-0,196136701337296
"344";"Gustav Leonhardt";0;0;-51;-0,231993934799091
"345";"Midori Edamame";0;0;-102;-0,467889908256881
"346";"Jean-Guihen Queyras";0;0;-53;-0,245146085481757
"347";"Christophe Rousset";0;0;-22;-0,102619917593097
"348";"Los Angeles Philharmonic";0;0;-29;-0,135640785781104
"349";"Grigory Sokolov";0;0;-8;-0,0375000000000001
"350";"CLaire Désert";0;0;-29;-0,136281753387463
"351";"Benjamin Grosvenor";0;0;-38;-0,178683385579937
"352";"Vadim Chaimovich";0;0;-26;-0,122641509433962
"353";"Beatrice Rana";0;0;-38;-0,180379746835443
"354";"Pygmalion";0;0;-60;-0,288235529604191
"355";"André Laplante";0;0;-46;-0,221153846153846
"356";"Israel Philharmonic Orchestra";0;0;-19;-0,0917578879587893
"357";"Aleksandr Kopilov";0;0;-68;-0,329297820823245
"358";"Royal Concertgebouw Orchestra";0;0;-23;-0,111614364283403
"359";"Orchester der Deutschen Oper Berlin";0;0;-6;-0,0291308252893116
"360";"Gerald Moore";0;0;-47;-0,235039173195532
"361";"Eric Lu";0;0;-107;-0,54040404040404
"362";"Orchestra dell'Accademia Nazionale di Santa Cecilia";0;0;-7;-0,0355992541108663
"363";"Orchestre Paul Kuentz";0;0;-34;-0,175018231065736
"364";"Stephen Kovacevich";0;0;-81;-0,419507984462668
"365";"Mischa Maisky";0;0;-16;-0,0839903761027382
"366";"Ophélie Gaillard";0;0;-38;-0,201075932621925
"367";"Royal Liverpool Philharmonic Orchestra";0;0;-30;-0,159763313609467
"368";"Andrea Marcon";0;0;-14;-0,0745937305745495
"369";"Geza Anda";0;0;-8;-0,0428533166681547
"370";"Giuseppe Sinopoli";0;0;-15;-0,0808305759635374
"371";"Ton Koopman";0;0;-43;-0,232397537907221
"372";"Piotr Anderszewski";0;0;-78;-0,423913043478261
"373";"María Bayo";0;0;-44;-0,241404535479151
"374";"Capriccio Stravagante";0;0;-44;-0,243093922651934
"375";"Otto Klemperer";0;0;-46;-0,255165719040355
"376";"Alain Lombard";0;0;-36;-0,203955000404672
"377";"Guillaume Coppola";0;0;-42;-0,237960339943343
"378";"New York Philharmonic Orchestra";0;0;-9;-0,0512479832969535
"379";"Paul Tortelier";0;0;-68;-0,391629871376465
"380";"Les Talens Lyriques";0;0;-13;-0,0750350438391556
"381";"Accademia Bizantina";0;0;-16;-0,0927849997583722
"382";"Reinbert de Leeuw";0;0;-9;-0,0533596837944663
"383";"Gustavo Dudamel";0;0;-22;-0,131330215898915
"384";"Orchestra Del Teatro Alla Scala Di Milano";0;0;-23;-0,137338707036873
"385";"Barbara Bonney";0;0;-45;-0,270427533052253
"386";"Leonidas Kavakos";0;0;-51;-0,309967585089142
"387";"Ludmila Berlinskaya";0;0;-14;-0,0861538461538462
"388";"François-Frédéric Guy";0;0;-37;-0,228160328879753
"389";"Christian Ferras";0;0;-7;-0,0434108527131783
"390";"Paul Kuentz";0;0;-26;-0,165890636749637
"391";"Kim Bernard";0;0;-104;-0,666666666666667
"392";"Boris Berezovsky";0;0;-11;-0,0705203547387543
"393";"Sir David Willcocks";0;0;-10;-0,0646638250902746
"394";"Orchestre Philharmonique De Monte-Carlo";0;0;-29;-0,187629977663098
"395";"Arthur Ancelle";0;0;-15;-0,0970873786407767
"396";"François Chaplin";0;0;-13;-0,084233261339093
"397";"Arcadi Volodos";0;0;-66;-0,428571428571429
"398";"Andrew Parrott";0;0;-52;-0,338303063160749
"399";"Evgeny Kissin";0;0;-23;-0,150819672131148
"400";"Michel Dalberto";0;0;-11;-0,0723684210526316
"401";"Jean-Pierre Wallez";0;0;-28;-0,185123966942149
"402";"Deutsche Kammerphilharmonie Bremen";0;0;-39;-0,258278145695364
"403";"Martin Helmchen";0;0;-7;-0,0465528707603635
"404";"Nigel Kennedy & English Chamber Orchestra";0;0;-74;-0,496644295302013
"405";"Orchestra del Maggio Musicale Fiorentino";0;0;-7;-0,0470010826653147
"406";"Staatskapelle Dresden";0;0;-14;-0,0940103070257251
"407";"Antal Dorati";0;0;-23;-0,154578549425931
"408";"René Jacobs";0;0;-10;-0,06750476149657
"409";"Olivier Latry";0;0;-18;-0,121621621621622
"410";"Lisa Batiashvili";0;0;-35;-0,237167541927833
"411";"Samuele Telari";0;0;-71;-0,481900452488689
"412";"François-René Duchâble";0;0;-48;-0,326160815402038
"413";"Janine Jansen";0;0;-19;-0,130789709797462
"414";"Nicholas Angelich";0;0;-59;-0,406803033785338
"415";"Cristina Ortiz";0;0;-30;-0,206896551724138
"416";"Les Ombres";0;0;-11;-0,0765838941749828
"417";"Philippe Entremont";0;0;-44;-0,312426035502959
"418";"Wiener Symphoniker";0;0;-6;-0,0431365087474546
"419";"Hans Vonk, Sabine Meyer & Staatskapelle Dresden";0;0;-69;-0,496402877697842
"420";"Hopkinson Smith";0;0;-28;-0,202857717850674
"421";"Cameron Carpenter";0;0;-17;-0,123861566484517
"422";"Passionata Symphony Orchestra";0;0;-68;-0,5
"423";"Erich Leinsdorf";0;0;-6;-0,0442940633651185
"424";"Jonathan Stockhammer";0;0;-13;-0,0973175296319403
"425";"Freiburger Barockorchester";0;0;-28;-0,209642484691286
"426";"Avi Avital";0;0;-8;-0,0602204498610987
"427";"Fritz Reiner";0;0;-6;-0,0453172205438066
"428";"Collegium Vocale Gent";0;0;-17;-0,128475419029596
"429";"Cheryl Studer";0;0;-6;-0,0454328479179458
"430";"Sigiswald Kuijken";0;0;-55;-0,417774401823016
"431";"Bruce Brubaker";0;0;-10;-0,0760456273764259
"432";"Alison Hagley";0;0;-23;-0,175898224243475
"433";"Ludovic Tézier";0;0;-51;-0,390975796736393
"434";"Jean-Bernard Pommier";0;0;-31;-0,237851662404093
"435";"Coro dell'Accademia Nazionale Di Santa Cecilia";0;0;-7;-0,0537177624907502
"436";"François-Xavier Roth";0;0;-21;-0,162622612287042
"437";"Steven Isserlis";0;0;-9;-0,0697674418604651
"438";"Andrei Gavrilov";0;0;-15;-0,116489774786435
"439";"Jean-Joël Barbier";0;0;-16;-0,125490196078431
"440";"Konzerthausorchester Berlin";0;0;-13;-0,102161100196464
"441";"LES SIECLES";0;0;-20;-0,159193420005307
"442";"Christoph Prégardien";0;0;-58;-0,462467251395374
"443";"Célimène Daudet";0;0;-35;-0,28
"444";"Regula Mühlemann";0;0;-61;-0,488260405549628
"445";"Gundula Janowitz";0;0;-7;-0,0565067670377193
"446";"Symphonieorchester des Bayerischen Rundfunks";0;0;-13;-0,105332279713742
"447";"Andre Cluytens";0;0;-23;-0,18793408688547
"448";"Cincinnati Pops Orchestra";0;0;-7;-0,0573378839590445
"449";"Orchestre Philharmonique de Radio France";0;0;-14;-0,117977528089887
"450";"Quatuor Modigliani";0;0;-52;-0,439684329199548
"451";"Mark Ermler";0;0;-12;-0,103004291845494
"452";"Julien Libeer";0;0;-57;-0,49279538904899
"453";"Han de Vries";0;0;-30;-0,260303687635575
"454";"Claudio Scimone";0;0;-26;-0,226119727496739
"455";"Christophe Coin";0;0;-14;-0,122377622377622
"456";"Patrick Messina";0;0;-28;-0,245757753071973
"457";"Bengt Forsberg";0;0;-6;-0,0527207682169082
"458";"Café Zimmermann";0;0;-42;-0,369501466275659
"459";"Hugo Reyne";0;0;-17;-0,151066350710901
"460";"La Simphonie Du Marais";0;0;-17;-0,151066350710901
"461";"Quatuor Voce";0;0;-10;-0,0890207715133534
"462";"Pierre Hantaï";0;0;-9;-0,0812379110251453
"463";"David Parry";0;0;-8;-0,0724651888682807
"464";"ENSEMBLE CONTRASTE";0;0;-14;-0,128715905608335
"465";"Orchestre Révolutionnaire et Romantique";0;0;-16;-0,147595026316705
"466";"Augustin Hadelich";0;0;-46;-0,432601880877744
"467";"Michaël Lévinas";0;0;-11;-0,10377358490566
"468";"Igor Markevitch";0;0;-9;-0,085001124353497
"469";"Mariam Batsashvili";0;0;-13;-0,123809523809524
"470";"Aimi Kobayashi";0;0;-12;-0,114285714285714
"471";"Jupiter";0;0;-15;-0,14308426073132
"472";"José Van Dam";0;0;-12;-0,115190548467818
"473";"Ottavio Dantone";0;0;-18;-0,172979899095059
"474";"Juan Diego Flórez";0;0;-37;-0,357081308379003
"475";"Sir Charles Mackerras";0;0;-6;-0,0581046806548304
"476";"Irwin Gage";0;0;-9;-0,0879478827361566
"477";"Matthias Höfs";0;0;-30;-0,293446364525596
"478";"Sara Mingardo";0;0;-13;-0,130908860447016
"479";"Barbara Schlick";0;0;-10;-0,10108546535416
"480";"BBC Symphony Orchestra";0;0;-6;-0,0606921798607933
"481";"Ivan Fischer";0;0;-13;-0,133401744484351
"482";"Eivind Gullberg Jensen, Vilde Frang & Danish National Symphony Orchestra";0;0;-48;-0,494845360824742
"483";"Maxim Vengerov";0;0;-16;-0,166262556286803
"484";"Quatuor Hanson";0;0;-39;-0,406815020862309
"485";"Walter Rinaldi";0;0;-26;-0,27177700348432
"486";"Ivan Moravec";0;0;-36;-0,37696335078534
"487";"Jessye Norman";0;0;-19;-0,200504191827402
"488";"Victoria de los Angeles";0;0;-6;-0,0634920634920635
"489";"Philippe Jordan";0;0;-38;-0,402116402116402
"490";"Adam Laloum";0;0;-34;-0,361061946902655
"491";"Louis Langree";0;0;-16;-0,170970614425646
"492";"Ruth Slenczynska";0;0;-16;-0,172043010752688
"493";"Anna Vinnitskaya";0;0;-6;-0,0655141037306643
"494";"Philip Langshaw";0;0;-9;-0,0985709815374986
"495";"Jean-Philippe Collard";0;0;-8;-0,0877513711151736
"496";"James Judd";0;0;-28;-0,307410795974383
"497";"Orchestre de l'Opéra de Rouen Normandie";0;0;-17;-0,1876215335564
"498";"Magdalena Kozena";0;0;-10;-0,110451712439843
"499";"Michel Corboz";0;0;-43;-0,474963181148748
"500";"Christian Zacharias";0;0;-17;-0,188018433179723
"501";"Michael Tilson Thomas";0;0;-6;-0,0671015843429637
"502";"Hillevi Martinpelto";0;0;-14;-0,157344296344108
"503";"Damien Guillon";0;0;-8;-0,0901852017536011
"504";"Michel Chapuis";0;0;-40;-0,451552210724365
"505";"Pablo Casals";0;0;-22;-0,24891570808976
"506";"Johan Farjot";0;0;-14;-0,158700170035896
"507";"BBC National Orchestra Of Wales";0;0;-6;-0,06815834767642
"508";"Alessandro De Lucci";0;0;-36;-0,409090909090909
"509";"Mirella Freni";0;0;-9;-0,102561151079137
"510";"Ben Glassberg";0;0;-17;-0,194310388620777
"511";"Giuliano Carmignola";0;0;-19;-0,217391304347826
"512";"Jerusalem Quartet";0;0;-8;-0,0916905444126074
"513";"Kun-Woo Paik";0;0;-26;-0,298850574712644
"514";"France Clidat";0;0;-6;-0,069364161849711
"515";"Mieczyslaw Horszowski";0;0;-53;-0,616279069767442
"516";"Clara Schumann";0;0;-28;-0,325581395348837
"517";"Elina Garanca";0;0;-6;-0,0699776460297405
"518";"Radu Lupu";0;0;-16;-0,187866927592955
"519";"Borodin Quartet";0;0;-39;-0,461538461538462
"520";"Hughes De Courson";0;0;-24;-0,287425149700599
"521";"I Barocchisti";0;0;-14;-0,167913644411446
"522";"Simón Bolívar Youth Orchestra of Venezuela";0;0;-8;-0,096
"523";"Dubravka Tomsic";0;0;-27;-0,325301204819277
"524";"Alban Berg Quartett";0;0;-36;-0,436363636363636
"525";"Budapest Festival Orchestra";0;0;-13;-0,15767131594906
"526";"Leontyne Price";0;0;-7;-0,0849889624724061
"527";"Kurt Masur";0;0;-25;-0,303951367781155
"528";"Emanuel Ax";0;0;-9;-0,11214953271028
"529";"Adolphe Arnaud";0;0;-39;-0,4875
"530";"Emile Naoumoff";0;0;-17;-0,2125
"531";"J.S. Bach Orchestra";0;0;-46;-0,577405857740586
"532";"Michael Riesman";0;0;-21;-0,265822784810127
"533";"Seong-Jin Cho";0;0;-14;-0,177589852008457
"534";"Pulcinella Orchestra";0;0;-15;-0,190274841437632
"535";"Alfred Deller";0;0;-19;-0,242089615629645
"536";"Elisabeth Schwarzkopf";0;0;-10;-0,128901777317851
"537";"Lucile Richardot";0;0;-7;-0,0926057169855894
"538";"Arnaud Thorette";0;0;-14;-0,185922974767596
"539";"Le Banquet Céleste";0;0;-6;-0,0798226164079822
"540";"Joël Pontet";0;0;-23;-0,306666666666667
"541";"Carlo Bergonzi";0;0;-6;-0,0802032664795964
"542";"James Ehnes";0;0;-28;-0,375838926174497
"543";"Charles Neidich";0;0;-23;-0,309417040358745
"544";"William Youn";0;0;-8;-0,10762331838565
"545";"Berlin Philharmonic Orchestra";0;0;-27;-0,364454443194601
"546";"Noel Akchoté";0;0;-7;-0,0945945945945946
"547";"La Petite Bande";0;0;-7;-0,0959561343385881
"548";"Isabelle Faust";0;0;-11;-0,152284263959391
"549";"Michele Pertusi";0;0;-11;-0,154041077620699
"550";"James Bowman";0;0;-12;-0,168224534658614
"551";"Tana Quartet";0;0;-35;-0,492957746478873
"552";"David Daniels";0;0;-20;-0,282021151586369
"553";"Alexis Descharmes";0;0;-23;-0,326241134751773
"554";"Sébastien Vichard";0;0;-23;-0,326241134751773
"555";"Tatjana Grindenko";0;0;-34;-0,482954545454545
"556";"Benjamin Alard";0;0;-30;-0,431654676258993
"557";"Wiener Kammerorchester";0;0;-17;-0,244897959183673
"558";"Orchestre Du Capitole De Toulouse";0;0;-15;-0,216242191254205
"559";"Aaron Pilsan";0;0;-22;-0,319612590799032
"560";"Emerson String Quartet";0;0;-6;-0,0871670702179177
"561";"Amandine Beyer";0;0;-18;-0,262454434993925
"562";"Orchestre de l'Opéra National de Paris";0;0;-7;-0,102289332683877
"563";"London Symphony Chorus";0;0;-9;-0,131779370119283
"564";"Vadym Kholodenko";0;0;-20;-0,294117647058824
"565";"Matthias Goerne";0;0;-10;-0,147252169339995
"566";"Jean-Claude Malgoire";0;0;-7;-0,103252089625623
"567";"Baldassare Galuppi";0;0;-22;-0,325925925925926
"568";"Rundfunkchor Berlin";0;0;-25;-0,371494921294539
"569";"Sylvia McNair";0;0;-10;-0,149414711527733
"570";"Anthony Rolfe Johnson";0;0;-6;-0,0897143026671017
"571";"Giuseppe Di Stefano";0;0;-9;-0,134651349185146
"572";"Orquesta Lírica de Barcelona";0;0;-12;-0,180451127819549
"573";"Noelia Rodiles";0;0;-33;-0,5
"574";"Franz Vorraber";0;0;-32;-0,484848484848485
"575";"Münchener Bach-Chor";0;0;-10;-0,151761517615176
"576";"Alessandro De Marchi";0;0;-13;-0,197668525088697
"577";"Staatskapelle Berlin";0;0;-15;-0,23037542662116
"578";"Kian Soltani";0;0;-7;-0,108247422680412
"579";"Tim Mead";0;0;-15;-0,232438016528926
"580";"Walter Susskind";0;0;-20;-0,310077519379845
"581";"Emil Gilels";0;0;-10;-0,155199172271081
"582";"Marie-Andrée Joerger";0;0;-32;-0,5
"583";"Severin von Eckardstein";0;0;-30;-0,46875
"584";"Lionel Rogg";0;0;-29;-0,453125
"585";"Stéphane Degout";0;0;-11;-0,172704900158874
"586";"Julien Chauvin";0;0;-9;-0,141676505312869
"587";"Marin Marais";0;0;-17;-0,267716535433071
"588";"Lucile Boulanger";0;0;-29;-0,458498023715415
"589";"Choir of Clare College, Cambridge";0;0;-12;-0,19047619047619
"590";"Hugues Navez";0;0;-15;-0,238095238095238
"591";"François Mardirossian";0;0;-31;-0,492063492063492
"592";"Karl Munchinger";0;0;-8;-0,127386925147544
"593";"Antoinette Dennefeld";0;0;-11;-0,175516354933073
"594";"Kammerorchester Basel";0;0;-14;-0,224059749266471
"595";"Jorge Bolet";0;0;-7;-0,112299465240642
"596";"Blandine Verlet";0;0;-19;-0,307277628032345
"597";"Franz Welser-Möst";0;0;-11;-0,178378378378378
"598";"Stuttgarter Kammerorchester";0;0;-8;-0,129798220425192
"599";"Ruggero Raimondi";0;0;-7;-0,113643684529255
"600";"Christopher Warren-Green";0;0;-11;-0,178861788617886
"601";"Bernhard Forck";0;0;-12;-0,196560196560197
"602";"György Cziffra";0;0;-8;-0,131868131868132
"603";"Orchestre National Bordeaux Aquitaine";0;0;-11;-0,181818181818182
"604";"Truls Mørk";0;0;-22;-0,366158113730929
"605";"Sladjana Gajić";0;0;-30;-0,5
"606";"Marie-Nicole Lemieux";0;0;-12;-0,200095283468318
"607";"Orchestre de la société des concerts du conservatoire";0;0;-6;-0,10016694490818
"608";"Thomas Beecham";0;0;-8;-0,134131736526946
"609";"Sergiu Celibidache";0;0;-25;-0,420168067226891
"610";"Warsaw Soloists, Fournier, Stefanowicz";0;0;-29;-0,491525423728814
"611";"Dong Hyek Lim";0;0;-15;-0,254237288135593
"612";"Philharmonia Quartett Berlin";0;0;-18;-0,307692307692308
"613";"Jacques Fevrier";0;0;-7;-0,11965811965812
"614";"Le Concert de la Loge";0;0;-9;-0,15510555794916
"615";"Marcela Roggeri";0;0;-21;-0,362068965517241
"616";"Pamela Helen Stephen";0;0;-10;-0,173519388851192
"617";"Berliner Barock Solisten";0;0;-23;-0,40174672489083
"618";"Le Concert d'Astrée";0;0;-7;-0,122377622377622
"619";"Bertrand Cuiller";0;0;-16;-0,280701754385965
"620";"Richard Hein";0;0;-17;-0,298245614035088
"621";"Alexander Lazarev";0;0;-10;-0,175438596491228
"622";"Lorenzo Ghielmi";0;0;-8;-0,140350877192982
"623";"Aleksandra Kurzak";0;0;-14;-0,248520710059172
"624";"Victor Julien-Laferrière";0;0;-15;-0,266903914590747
"625";"Amanda Favier";0;0;-13;-0,232142857142857
"626";"Anton Kingsbury";0;0;-28;-0,5
"627";"Ernest Ansermet";0;0;-7;-0,125373134328358
"628";"Alexander Stevenson";0;0;-8;-0,144628099173554
"629";"Fritz Wunderlich";0;0;-6;-0,108715431164316
"630";"Sir Simon Rattle & Berliner Philharmoniker";0;0;-14;-0,254545454545455
"631";"Frank Peter Zimmermann";0;0;-12;-0,218512898330804
"632";"Eric Heidsieck";0;0;-27;-0,492401215805471
"633";"Axel Salles";0;0;-13;-0,240740740740741
"634";"Ofra Harnoy";0;0;-11;-0,203703703703704
"635";"Quatuor Mosaïques";0;0;-18;-0,333951762523191
"636";"Gli Incogniti";0;0;-13;-0,242612752721618
"637";"Alessandro Tampieri";0;0;-11;-0,205607476635514
"638";"Arnold Schoenberg Chor";0;0;-21;-0,395046245493024
"639";"The City of Prague Philharmonic Chamber Group";0;0;-17;-0,320754716981132
"640";"Solistengemeinschaft Der Bachwoche Ansbach";0;0;-8;-0,150943396226415
"641";"Rikke Sandberg";0;0;-12;-0,226415094339623
"642";"Luxembourg Philharmonia";0;0;-12;-0,226415094339623
"643";"Moscow Philharmonic Orchestra";0;0;-13;-0,2455919395466
"644";"Camille Thomas";0;0;-7;-0,132492113564669
"645";"Carmen-Suite";0;0;-26;-0,5
"646";"Tanguy de Williencourt";0;0;-6;-0,115384615384615
"647";"Orfeo 55";0;0;-9;-0,175895765472313
"648";"Ann Murray";0;0;-8;-0,156378473137964
"649";"Andreas Staier";0;0;-10;-0,198807157057654
"650";"Simone Dinnerstein";0;0;-19;-0,38
"651";"Frank Dupree";0;0;-25;-0,5
"652";"Thomas Quasthoff";0;0;-18;-0,363636363636364
"653";"Rémi Geniet";0;0;-24;-0,489795918367347
"654";"Coro Del Teatro Alla Scala Di Milano";0;0;-7;-0,143988139010442
"655";"Choeurs et Orchestre de la Scala de Milan";0;0;-24;-0,494845360824742
"656";"Angela Gheorghiu";0;0;-7;-0,145738041053604
"657";"The English Concert dir. Trevor Pinnock";0;0;-24;-0,5
"658";"Douglas Perry";0;0;-19;-0,395833333333333
"659";"Wolfgang Sawallisch";0;0;-11;-0,229479697007326
"660";"The English Concert Choir";0;0;-8;-0,166964818127609
"661";"Orchestre & Chorale Paul Kuentz";0;0;-7;-0,146443514644351
"662";"Yann Beuron";0;0;-19;-0,398932871872521
"663";"Guarneri Quartet";0;0;-23;-0,484210526315789
"664";"Yaara Tal";0;0;-21;-0,442105263157895
"665";"David Grimal";0;0;-20;-0,421052631578947
"666";"Arthur Friedheim";0;0;-23;-0,48936170212766
"667";"Joseph Moog";0;0;-31;-0,659574468085106
"668";"Jeremie Rhorer";0;0;-15;-0,319148936170213
"669";"Catherine Collard";0;0;-23;-0,48936170212766
"670";"Academia Montis Regalis";0;0;-10;-0,216450216450216
"671";"Duo Ykeda";0;0;-23;-0,5
"672";"Renata Scotto";0;0;-12;-0,263391690619284
"673";"Boris Begelman";0;0;-11;-0,24264705882353
"674";"Florian Sempey";0;0;-10;-0,221145745577085
"675";"Herbert Lippert";0;0;-7;-0,154844146382142
"676";"Monica Huggett";0;0;-7;-0,155143754232593
"677";"Louis-Noël Bestion de Camboulas";0;0;-10;-0,223048327137547
"678";"Ferruccio Busoni";0;0;-27;-0,609022556390978
"679";"Toronto Symphony Orchestra";0;0;-11;-0,24929178470255
"680";"Marie-Catherine Girod";0;0;-6;-0,136363636363636
"681";"Christian Gerhaher";0;0;-12;-0,272830617658204
"682";"Raphaël Oleg";0;0;-9;-0,205401293267402
"683";"Sylvain Cambreling";0;0;-18;-0,411115340692806
"684";"Kathleen Ferrier";0;0;-13;-0,297709923664122
"685";"Daniel Lozakovich";0;0;-7;-0,160427807486631
"686";"Kristian Bezuidenhout";0;0;-16;-0,36923076923077
"687";"Jeremy Limb";0;0;-7;-0,162790697674419
"688";"SLIXS";0;0;-21;-0,488372093023256
"689";"Ramin Bahrami";0;0;-11;-0,255813953488372
"690";"Riccardo Minasi";0;0;-9;-0,209541200639123
"691";"Peter Whelan";0;0;-11;-0,256809338521401
"692";"Les Accents";0;0;-8;-0,186770428015564
"693";"Thibault Noally";0;0;-8;-0,186770428015564
"694";"Rudolf Kempe";0;0;-16;-0,373613543490952
"695";"Ensemble Pygmalion";0;0;-7;-0,16522423288749
"696";"Llyr Williams";0;0;-21;-0,5
"697";"Studio46";0;0;-16;-0,380952380952381
"698";"Sir Roger Norrington";0;0;-6;-0,143734643734644
"699";"Jean Nirouet";0;0;-6;-0,143835616438356
"700";"Les Argonautes";0;0;-11;-0,264847512038523
"701";"Jonas Descotte";0;0;-11;-0,264847512038523
"702";"Ensemble Resonanz";0;0;-9;-0,216867469879518
"703";"Daniel Behle";0;0;-15;-0,362736066328881
"704";"Christoph Spering";0;0;-7;-0,169811320754717
"705";"The Berlin Philharmonic Orchestra";0;0;-20;-0,48780487804878
"706";"Frank Glazer";0;0;-9;-0,219512195121951
"707";"Orchestra of Life";0;0;-13;-0,317073170731707
"708";"Monica Groop";0;0;-7;-0,171185684063428
"709";"Jean Martinon";0;0;-11;-0,271604938271605
"710";"Kyung Wha Chung";0;0;-19;-0,473029045643153
"711";"Trio Talweg";0;0;-20;-0,5
"712";"Doomin Kim";0;0;-19;-0,475
"713";"Julian Pregardien";0;0;-6;-0,151600224592925
"714";"Emmanuelle Bertrand";0;0;-8;-0,202598812143869
"715";"Shunske Sato";0;0;-19;-0,487179487179487
"716";"Emmanuel Krivine";0;0;-12;-0,311015118790497
"717";"Shlomo Mintz";0;0;-16;-0,41609907120743
"718";"Ensemble Baroque De Limoges";0;0;-6;-0,157068062827225
"719";"Le Cercle De L'Harmonie";0;0;-12;-0,315789473684211
"720";"Gérard Poulet";0;0;-11;-0,290492957746479
"721";"The London Fox Orchestra";0;0;-18;-0,486486486486487
"722";"Filomena Moretti";0;0;-7;-0,189189189189189
"723";"Pinchas Zukerman";0;0;-7;-0,190045248868778
"724";"Lambert Orkis";0;0;-6;-0,163636363636363
"725";"Bruno Philippe";0;0;-16;-0,436363636363636
"726";"Le Caravansérail";0;0;-11;-0,301369863013699
"727";"Anna Stéphany";0;0;-6;-0,164917868283851
"728";"Lucas Jussen";0;0;-6;-0,165137614678899
"729";"Trio Di Trieste";0;0;-10;-0,277777777777778
"730";"Itamar Golan";0;0;-11;-0,305555555555556
"731";"Evangelina Mascardi";0;0;-15;-0,416666666666667
"732";"Walter Klein";0;0;-12;-0,333333333333333
"733";"Ferruccio Furlanetto";0;0;-6;-0,167394505329711
"734";"Diana Montague";0;0;-6;-0,167808096382086
"735";"Quartetto Italiano";0;0;-12;-0,338028169014085
"736";"Vanessa Benelli Mosell";0;0;-14;-0,394366197183099
"737";"GEROLD HUBER";0;0;-11;-0,309859154929577
"738";"Chorus Of Les Musiciens Du Louvre";0;0;-6;-0,169765561843169
"739";"Ensemble les Surprises";0;0;-6;-0,169811320754717
"740";"Orchestre National Du Capitole De Toulouse";0;0;-7;-0,19811320754717
"741";"Andreas Ottensamer";0;0;-6;-0,170454545454545
"742";"Jean Guillou";0;0;-12;-0,342857142857143
"743";"Jan Willem de Vriend";0;0;-17;-0,485714285714286
"744";"Michael Barenboim";0;0;-10;-0,287081339712919
"745";"Belcea Quartet";0;0;-11;-0,317307692307692
"746";"Andrew Von Oeyen";0;0;-22;-0,647058823529412
"747";"Ingrid Haebler";0;0;-7;-0,205882352941176
"748";"Maude Gratton";0;0;-9;-0,266009852216749
"749";"Pablo Heras-Casado";0;0;-6;-0,178748758689176
"750";"Monique Frasca-Colombier";0;0;-8;-0,240894751935761
"751";"Andreas Schmidt";0;0;-6;-0,181532218366931
"752";"Amadeus Mozart";0;0;-16;-0,484848484848485
"753";"Marie-Josèphe Jude";0;0;-15;-0,454545454545455
"754";"Thomas Hengelbrock";0;0;-16;-0,484848484848485
"755";"Clair de lune (moonlight) Debussy";0;0;-16;-0,484848484848485
"756";"Prague Philharmonia";0;0;-24;-0,729113924050632
"757";"Friedrich Gulda";0;0;-13;-0,398976982097187
"758";"Bernarda Fink";0;0;-7;-0,216521418927212
"759";"Dimitri Mitropoulos";0;0;-9;-0,279792746113989
"760";"Bernhard Billeter";0;0;-16;-0,5
"761";"Noa Wildschut";0;0;-16;-0,5
"762";"Kirill Petrenko";0;0;-9;-0,285714285714286
"763";"Nathanaël Gouin";0;0;-6;-0,191489361702128
"764";"The Vienna Symphony Orchestra";0;0;-15;-0,483870967741935
"765";"Dimitri Malignan";0;0;-15;-0,483870967741935
"766";"Marie-Claire Alain";0;0;-7;-0,225806451612903
"767";"Yuri Simonov";0;0;-8;-0,261437908496732
"768";"Ursula Oppens";0;0;-10;-0,327868852459016
"769";"Vivaldi Philharmonic Orchestra";0;0;-11;-0,360655737704918
"770";"Günter Wand";0;0;-8;-0,263736263736264
"771";"Arthur Jussen";0;0;-6;-0,197802197802198
"772";"Pablo Valetti";0;0;-7;-0,231525017023898
"773";"Duo Monti-Bianco";0;0;-15;-0,5
"774";"Berlin Philharmonic Orchestra;Claudio Abbado";0;0;-14;-0,482758620689655
"775";"Baiba Skride";0;0;-13;-0,448275862068966
"776";"Gil Shaham";0;0;-7;-0,242214532871972
"777";"Jorg Demus";0;0;-8;-0,277456647398844
"778";"Concentus musicus Wien";0;0;-9;-0,315789473684211
"779";"Paavo Berglund";0;0;-7;-0,249258160237389
"780";"George Szell, Emil Gilels & The Cleveland Orchestra";0;0;-14;-0,5
"781";"Praxedis Geneviève Hug";0;0;-14;-0,5
"782";"Johanna Martzy";0;0;-17;-0,607142857142857
"783";"Julius Frederick Rinaldi";0;0;-10;-0,36144578313253
"784";"Jean Brégnac";0;0;-6;-0,216867469879518
"785";"Armonie Chamber Orchestra";0;0;-10;-0,37037037037037
"786";"Pamela Heuvelmans";0;0;-13;-0,481481481481481
"787";"Orchestre Symphonique Mav de Budapest";0;0;-9;-0,333333333333333
"788";"Finn X";0;0;-13;-0,481481481481481
"789";"James Baillieu";0;0;-7;-0,261682242990654
"790";"Sarah Willis";0;0;-6;-0,230031948881789
"791";"Pablo Marquez";0;0;-6;-0,230769230769231
"792";"Ralph Kirshbaum";0;0;-9;-0,346153846153846
"793";"Racha Arodaky";0;0;-10;-0,384615384615385
"794";"Adrian Chandler";0;0;-8;-0,311688311688311
"795";"La Serenissima";0;0;-8;-0,311688311688311
"796";"Francesco Molinari-Pradelli";0;0;-7;-0,273794002607562
"797";"Quatuor de Budapest";0;0;-10;-0,392156862745098
"798";"Raphaël Sévère";0;0;-6;-0,235294117647059
"799";"Evgeny Svetlanov";0;0;-12;-0,48
"800";"Cyprien Katsaris";0;0;-6;-0,24
"801";"Joe Hisaishi Ensemble";0;0;-11;-0,44
"802";"Tugan Sokhiev";0;0;-9;-0,369863013698631
"803";"Vilde Frang";0;0;-12;-0,493150684931508
"804";"Trio Arnold";0;0;-12;-0,5
"805";"Želimir Panić";0;0;-12;-0,5
"806";"Gabriel Urgell Reyes";0;0;-11;-0,458333333333333
"807";"Juilliard String Quartet";0;0;-7;-0,291666666666667
"808";"Malcolm Martineau";0;0;-8;-0,336842105263158
"809";"Pavel Haas Quartet";0;0;-6;-0,25531914893617
"810";"Il delirio fantastico";0;0;-11;-0,478260869565217
"811";"Música de Cámara JLC";0;0;-11;-0,478260869565217
"812";"Enguerrand-Friedrich Lühl-Dolgorukiy";0;0;-8;-0,347826086956522
"813";"Valer Sabadus";0;0;-6;-0,260869565217391
"814";"Marie-Elisabeth Hecker";0;0;-7;-0,308370044052863
"815";"Pierre Dervaux";0;0;-6;-0,268857356235997
"816";"Erling Blöndal Bengtsson";0;0;-11;-0,5
"817";"Dalton Baldwin";0;0;-7;-0,318181818181818
"818";"Benjamin Appl";0;0;-7;-0,318181818181818
"819";"Helga Schauerte";0;0;-6;-0,27906976744186
"820";"Klaus Tennstedt";0;0;-10;-0,468750000000001
"821";"Michel Beroff";0;0;-7;-0,333333333333333
"822";"Andreas Mühlen";0;0;-10;-0,476190476190476
"823";"Hans-Peter Westermann";0;0;-10;-0,476190476190476
"824";"Tokaido Classical Music Conservatory";0;0;-8;-0,380952380952381
"825";"Vadim Repin";0;0;-6;-0,286852589641434
"826";"Handel And Haydn Society";0;0;-9;-0,435483870967741
"827";"Hubert Giesen";0;0;-6;-0,292682926829268
"828";"Thomas Søndergård";0;0;-6;-0,292682926829268
"829";"Mikko Franck";0;0;-8;-0,396694214876032
"830";"Trio Sōra";0;0;-10;-0,5
"831";"Iona Brown, Mstislav Rostropovich & Academy of St. Martin in the Fields";0;0;-10;-0,5
"832";"Paolo Beschi";0;0;-10;-0,5
"833";"Rudolf Firkusny";0;0;-8;-0,4
"834";"Yuri Egorov";0;0;-10;-0,5
"835";"Ludwig Hoffmann";0;0;-6;-0,3
"836";"Amadeus Quartet";0;0;-9;-0,451882845188284
"837";"Michèle Boegner";0;0;-6;-0,307692307692308
"838";"Jean Mouillère";0;0;-6;-0,307692307692308
"839";"The Gryphon Trio";0;0;-9;-0,473684210526316
"840";"David Kenedy";0;0;-9;-0,473684210526316
"841";"HJ Lim";0;0;-9;-0,473684210526316
"842";"London Baroque/Charles Medlam";0;0;-9;-0,473684210526316
"843";"David Nebel";0;0;-9;-0,473684210526316
"844";"Immortal Bach Ensemble";0;0;-6;-0,324324324324324
"845";"Kirsty Chaplin";0;0;-9;-0,5
"846";"The Vienna Synorchestra";0;0;-12;-0,666666666666667
"847";"Jonas Vitaud";0;0;-9;-0,5
"848";"Fanny Vicens";0;0;-8;-0,457142857142857
"849";"Theodosia Ntokou";0;0;-7;-0,4
"850";"Jonathan Fournel";0;0;-8;-0,461538461538462
"851";"New London Singers";0;0;-8;-0,470588235294118
"852";"Tianxu An";0;0;-12;-0,705882352941177
"853";"François Dumont";0;0;-7;-0,411764705882353
"854";"Concerto Brandenburg";0;0;-6;-0,352941176470588
"855";"Nicolas van Poucke";0;0;-8;-0,470588235294118
"856";"Georg Hortnagel";0;0;-8;-0,470588235294118
"857";"Erich Kunzel";0;0;-7;-0,435233160621763
"858";"The Vivaldi Philharmonic Orchestra";0;0;-8;-0,5
"859";"The Royal Classical Orchestra";0;0;-8;-0,5
"860";"Royal Philharmonic Orchestra, Alfred Scholz";0;0;-8;-0,5
"861";"Uri Caine Ensemble";0;0;-6;-0,375
"862";"Riccardo Muti & Wiener Philharmoniker";0;0;-8;-0,5
"863";"Ensemble Modern";0;0;-6;-0,4
"864";"Gina Bachauer";0;0;-7;-0,466666666666667
"865";"Chicago Symphony Orchestra, Fritz Reiner";0;0;-7;-0,466666666666667
"866";"Richard Stamp";0;0;-7;-0,466666666666667
"867";"Trio Metral";0;0;-7;-0,466666666666667
"868";"New York Philharmonic;Pierre Boulez";0;0;-7;-0,466666666666667
"869";"Pawel Przytocki";0;0;-6;-0,409090909090908
"870";"Aquiles Delle Vigne";0;0;-7;-0,5
"871";"George Pretre";0;0;-7;-0,5
"872";"Classic Flames";0;0;-7;-0,5
"873";"Elias String Quartet";0;0;-7;-0,5
"874";"Los Angeles Chamber Orchestra, G. Schwarz, Vivaldi Baroque Group";0;0;-6;-0,461538461538462
"875";"Tovijs Lifsics";0;0;-6;-0,461538461538462
"876";"Dame Margaret Price/Wolfgang Sawallisch";0;0;-6;-0,461538461538462
"877";"Emilia Gliozzi";0;0;-6;-0,461538461538462
"878";"Pierre Bardon";0;0;-6;-0,461538461538462
"879";"John Newmark";0;0;-7;-0,56
"880";"The Danish Wind Octet with Friends";0;0;-6;-0,5
"881";"Baby Mozart Orchestra, Peaceful Music Baby Club";0;0;-9;-0,75
"882";"Jadran Duncumb";0;0;-6;-0,5
"883";"Orquesta Joven De Andalucía";0;0;-6;-0,5
"884";"Pierre Goy";0;0;-6;-0,5
"885";"Elzbieta Sternlicht";0;0;-6;-0,5
"886";"Simon Trpceski";0;0;-6;-0,5
"887";"English Chamber Orchestra/Jeffrey Tate";0;0;-6;-0,5
"888";"Youri Egorov";0;0;-6;-0,5
"889";"Svjatoslav Richter";0;0;-6;-0,5
"890";"Ensemble Amati; Raymond Dessaints (Mendelssohn)";0;0;-6;-0,5
"891";"Hortense Cartier-Bresson";0;0;-6;-0,5
"892";"Le Rappel des Oiseaux";0;0;-6;-0,5
"893";"William Christie & Les Arts Florissants";0;0;-6;-0,5
"894";"Vladimir Mishchuk";0;0;-6;-0,5
"895";"Iddo Bar-Shaï";0;0;-6;-0,6
"896";"Sergey Tanin";0;0;-7;-0,777777777777778
"897";"Mordecai Shehori";0;0;-6;-0,666666666666667
"898";"Adalberto Maria Riva";0;0;-6;-0,75
