"dz_artist_id";"dz_name";"aliases";"last_name_only";"period_szk";"period_s"
"1002824";"Jérôme Ducros";"Ducros";FALSE;NA;NA
"1011258";"Michael Praetorius";"Praetorius";FALSE;"Renaissance";"Renaissance/Baroque"
"1016370";"Leos Janacek";"Janacek";FALSE;"";"Romantique/Moderne"
"1016697";"Louis Spohr";"Spohr";FALSE;"";"Classique/Romantique"
"101905";"Josef MYSLIVEČEK";"Josef Myslivecek | Mysliveček";FALSE;"";"Classique"
"101921";"Bedřich Smetana";"Smetana";FALSE;"Romantique";"Romantique"
"1024687";"Guillaume Dufay";"Dufay";FALSE;"Renaissance";"Renaissance"
"1024810";"Reynaldo Hahn";"Reynaldo Hahn";FALSE;"Post-romantique";""
"1042666";"André Messager";"André Messager";FALSE;NA;NA
"1045";"Léo Delibes";"Delibes";FALSE;"Romantique";"Romantique"
"10523";"Richard Wagner";"Wagner";FALSE;"Romantique";"Romantique"
"10599";"Giulio Caccini";"Caccini";FALSE;"Renaissance";"Renaissance/Baroque"
"10718";"Johann Strauss II";"Johann Strauss II | Strauss, J.II | Strauss, J. | Strauss";FALSE;"Romantique";"Romantique"
"10880";"Joseph Haydn";"Haydn";FALSE;"Classique";"Classique"
"10881";"Richard Strauss";"Richard Strauss | R.Strauss | Strauss, R.";FALSE;"Post-romantique";"Romantique/Moderne"
"10954";"Henry Purcell";"Purcell";FALSE;"Baroque";""
"10964";"Felix Mendelssohn";"Felix Mendelssohn | Mendelssohn Bartholdy";FALSE;"Romantique";"Romantique"
"1108548";"Orlando Gibbons";"Gibbons";FALSE;"";"Baroque"
"114052";"Antonín DVOŘÁK";"Antonin Dvorak";FALSE;"";"Romantique"
"11472";"Franz Liszt";"Liszt";FALSE;"Romantique";"Romantique"
"1147915";"John Ireland";"John Ireland";FALSE;"";"Romantique/Moderne"
"116663";"Bohuslav Martinů";"Martinu";FALSE;"Moderne";"Moderne"
"1198051";"Peter Schickele";"Peter Schickele";FALSE;"";"Moderne"
"12004";"Pierre Henry";"Pierre Henry | P. Henry";FALSE;"Contemporaine";""
"1203487";"Luigi Cherubini";"Luigi Cherubini";FALSE;"Classique";"Classique/Romantique"
"1203773";"Giovanni Paisiello";"Paisiello";FALSE;"";"Classique"
"1225480";"William Walton";"Walton";FALSE;"";"Moderne"
"122899";"Enrique Granados";"Enrique Granados";FALSE;"Romantique";"Romantique"
"1229422";"Gordon Langford";"Gordon Langford";FALSE;NA;NA
"1229573";"Eric Coates";"Eric Coates";FALSE;"";"Romantique/Moderne"
"1230971";"Georges Auric";"Georges Auric";FALSE;"Moderne";"Moderne"
"1247420";"Arnold Schoenberg";"Schoenberg";FALSE;"Moderne";"Romantique/Moderne"
"1255285";"Alan Hovhaness";"Hovhaness";FALSE;"";"Moderne"
"1264933";"Hildegard von Bingen";"Hildegard Von Bingen";FALSE;"Médiévale";"Médiévale"
"1273843";"Hugo Wolf";"Hugo Wolf";FALSE;"Romantique";"Romantique"
"1276853";"Conlon Nancarrow";"Conlon Nancarrow";FALSE;"Contemporaine";""
"12913";"Arcangelo Corelli";"Corelli";FALSE;"Baroque";"Baroque"
"12944";"Giovanni Pierluigi da Palestrina";"Da Palestrina";FALSE;"Renaissance";"Renaissance"
"1314838";"Ned Rorem";"Ned Rorem";FALSE;"";"Moderne"
"13152";"Pino Donaggio";"Pino Donaggio";FALSE;"";"Moderne"
"132053";"Lepo Sumera";"Lepo Sumera";FALSE;NA;NA
"13214";"Gabriel Fauré";"Fauré";FALSE;"Post-romantique";"Romantique/Moderne"
"1325230";"Joseph Joachim";"Joseph Joachim";FALSE;NA;NA
"1325231";"Pablo De Sarasate";"De Sarasate";FALSE;"";"Romantique"
"1328614";"Alban Berg";"Berg";FALSE;"Moderne";"Romantique/Moderne"
"1329319";"George Benjamin";"George Benjamin";FALSE;NA;NA
"1329417";"Ottorino Respighi";"Respighi";FALSE;"";"Romantique/Moderne"
"1329418";"Giacomo Meyerbeer";"Meyerbeer";FALSE;"Romantique";"Classique/Romantique"
"1329432";"John Luther Adams";"John Luther Adams";FALSE;NA;NA
"1330459";"Morton Feldman";"Feldman";FALSE;NA;NA
"1333042";"Antoine Brumel";"Antoine Brumel";FALSE;"";"Renaissance"
"13332";"André Previn";"Andre Previn";FALSE;"";"Moderne"
"13338";"Charles Gounod";"Gounod";FALSE;"Romantique";"Romantique"
"133610";"Tan Dun";"Tan Dun | Tan, Dun";FALSE;NA;NA
"1339708";"Edison Denisov";"Edison Denisov";FALSE;NA;NA
"1340605";"Anton Webern";"Webern";FALSE;"Moderne";"Romantique/Moderne"
"1341512";"Anton Rubinstein";"Rubinstein";FALSE;"";"Romantique"
"13432";"Georg Philipp Telemann";"Telemann";FALSE;"Baroque";"Baroque/Classique"
"135352";"Morton Gould";"Morton Gould";FALSE;"";"Moderne"
"13777";"Jules Massenet";"Massenet";FALSE;"Romantique";"Romantique"
"1381231";"Fabrice Aboulker";"Fabrice Aboulker";FALSE;NA;NA
"1388221";"Frederick Delius";"Frederick Delius";FALSE;"Moderne";"Romantique/Moderne"
"1388374";"George Enescu";"George Enescu";FALSE;"";"Romantique/Moderne"
"1393586";"Nadia Boulanger";"Nadia Boulanger";FALSE;"Moderne";"Romantique/Moderne"
"1423717";"Tomas Luis De Victoria";"Tomas Luis De Victoria";FALSE;"Renaissance";"Renaissance/Baroque"
"1436655";"Oskar Schuster";"Joseph Schuster";FALSE;NA;NA
"14688";"Isaac Albéniz";"Isaac Albéniz";FALSE;"Romantique";"Romantique"
"14708";"Giya Kancheli";"Giya Kancheli";FALSE;"Contemporaine";""
"14725";"Gustav Holst";"Holst";FALSE;"Moderne";"Moderne"
"1487340";"Bruce Broughton";"Bruce Broughton";FALSE;NA;NA
"1492271";"Marin Marais";"Bruno Mantovani | Marin Marais";FALSE;"Baroque";"Baroque"
"14939";"Gavin Bryars";"Bryars";FALSE;"";"Moderne"
"14944";"Christoph Willibald Gluck";"Gluck";FALSE;"Classique";"Baroque/Classique"
"14945";"Gaetano Donizetti";"Donizetti";FALSE;"Pré-romantique";"Classique/Romantique"
"14947";"Pietro Mascagni";"Mascagni";FALSE;"";"Romantique/Moderne"
"14978";"Luigi Boccherini";"Boccherini";FALSE;"Classique";"Classique"
"14980";"Giovanni Battista Pergolesi";"Pergolesi | Pergolèse";FALSE;"Baroque";""
"14981";"Robert Schumann";"Schumann";FALSE;"Romantique";"Romantique"
"15014";"Charles Ives";"Ives";FALSE;"Moderne";"Romantique/Moderne"
"1509000";"Peter Eötvös";"Peter Eotvos";FALSE;"";"Moderne"
"1524139";"Christopher Gunning";"Christopher Gunning";FALSE;"";"Moderne"
"1531";"Carl Nielsen";"Carl Nielsen";FALSE;"Romantique";"Romantique/Moderne"
"153468";"Michaël Lévinas";"Lévinas";FALSE;NA;NA
"1538646";"Mario Castelnuovo-Tedesco";"Castelnuovo-Tedesco";FALSE;"";"Moderne"
"15546";"César Franck";"Cesar Franck";FALSE;"Post-romantique";"Romantique"
"155504";"Domenico Scarlatti";"Domenico Scarlatti";FALSE;"Baroque";"Baroque"
"1555616";"Eduard Strauß";"E. Strauss";FALSE;NA;NA
"1556240";"Johann Nepomuk Hummel";"Hummel";FALSE;"Pré-romantique";"Classique/Romantique"
"157083";"William Byrd";"Byrd";FALSE;"Renaissance";"Renaissance/Baroque"
"15808";"Steve Reich";"Steve Reich";FALSE;"Contemporaine";"Moderne"
"159192";"Francis Poulenc";"Poulenc";FALSE;"Moderne";"Moderne"
"159687";"Mike Batt";"Arnold Batt";FALSE;"";"Moderne"
"1603278";"Charles Koechlin";"Koechlin";FALSE;"Moderne";""
"1603280";"Eugène Ysaÿe";"Ysaÿe | Eugene Ysaye";FALSE;"";"Romantique/Moderne"
"1603288";"Francisco Guerrero";"Guerrero";FALSE;"";"Renaissance"
"1603296";"Cristobal de Morales";"Cristobal De Morales";FALSE;"";"Renaissance"
"1603299";"Carl Friedrich Abel";"Karl Friedrich Abel | Carl Friedrich Abel ";FALSE;"Classique";"Baroque/Classique"
"1603303";"Dieterich Buxtehude";"Buxtehude";FALSE;"Baroque";"Baroque"
"1603308";"John Dowland";"Dowland";FALSE;"Renaissance";"Renaissance/Baroque"
"1603348";"Jacques Ibert";"Jacques Ibert";FALSE;"Moderne";"Moderne"
"1603377";"Joseph Bodin de Boismortier";"Joseph Bodin De Boismortier | Boismortier";FALSE;"Baroque";"Baroque"
"1603380";"Johann Joachim Quantz";"Johann Joachim Quantz";FALSE;"Baroque";"Baroque/Classique"
"1603480";"Hanns Eisler";"Hanns Eisler";FALSE;"";"Moderne"
"1603483";"Moritz Moszkowski";"Moszkowski";FALSE;"";"Romantique/Moderne"
"1603526";"Giovanni Gabrieli";"Gabrieli";FALSE;"Renaissance";"Renaissance"
"1603529";"Antonio de Cabezon";"Cabezon";FALSE;"";"Renaissance"
"1603533";"Baldassare Galuppi";"Galuppi";FALSE;"";"Baroque/Classique"
"1603637";"Morten Lauridsen";"Lauridsen";FALSE;"";"Moderne"
"1603674";"William Grant Still";"William Grant Still";FALSE;"";"Moderne"
"1603709";"Henryk Wieniawski";"Henryk Wieniawski";FALSE;"";"Romantique"
"1603717";"Johannes Ciconia";"Johannes Ciconia";FALSE;"";"Médiévale/Renaissance"
"1603723";"Jehan Alain";"Jehan Alain";FALSE;"Moderne";""
"1603791";"Peteris Vasks";"Pēteris Vasks | Vasks";FALSE;NA;NA
"1603856";"György Kurtag";"Kurtág";FALSE;"Contemporaine";""
"1603889";"Alessandro Marcello";"Alessandro Marcello";FALSE;"Baroque";""
"1603892";"Luca Marenzio";"Marenzio";FALSE;"";"Renaissance"
"1603894";"Karol Szymanowski";"Szymanowski";FALSE;"Moderne";"Romantique/Moderne"
"1603896";"Francesco Cavalli";"Francesco Cavalli";FALSE;"Baroque";"Baroque"
"1603915";"Antonio Soler";"Antonio Soler";FALSE;"";"Baroque/Classique"
"1603937";"Henri Sauguet";"Henri Sauguet";FALSE;"Moderne";""
"1603938";"Alexandre Tansman";"Alexandre Tansman";FALSE;"Moderne";"Moderne"
"1612551";"Thomas Tallis";"Tallis";FALSE;"Renaissance";"Renaissance"
"1613";"Arvo Pärt";"Part | Pärt";FALSE;"Contemporaine";"Moderne"
"16159";"Jeremiah Clarke";"Jeremiah Clarke";FALSE;"";"Baroque"
"1617342";"Albert Roussel";"Albert Roussel";FALSE;"Moderne";"Romantique/Moderne"
"1617419";"Jean-Baptiste Lully";"Lully";FALSE;"Baroque";"Baroque"
"1617431";"Jacob Obrecht";"Jacob Obrecht";FALSE;"Renaissance";"Renaissance"
"1617475";"Gerald Finzi";"Finzi";FALSE;"";"Moderne"
"1617605";"Henri Duparc";"Henri Duparc";FALSE;"Romantique";"Romantique/Moderne"
"1617615";"Roland de Lassus";"De Lassus | Lassus";FALSE;"Renaissance";"Renaissance"
"1617696";"Etienne-Nicolas Mehul";"Méhul";FALSE;"";"Classique"
"1617772";"David Lang";"David Lang";FALSE;NA;NA
"1617781";"Carl Czerny";"Czerny";FALSE;"Classique";"Classique/Romantique"
"1617784";"Kaija Saariaho";"Kaija Saariaho";FALSE;NA;NA
"1617785";"Einojuhani Rautavaara";"Rautavaara";FALSE;"";"Moderne"
"1617799";"Deodat de Séverac";"Marie-Joseph-Alexandre Deodat De Severac";FALSE;"Moderne";""
"1617813";"Jan Pieterszoon Sweelinck";"Jan Pieterszoon Sweelinck | Sweelinck";FALSE;"Renaissance";"Renaissance/Baroque"
"1617824";"Sofia Gubaidulina";"Goubaidoulina | Gubaidulina";FALSE;NA;NA
"1617880";"Guillaume de Machaut";"Guillaume De Machaut";FALSE;"Médiévale";"Médiévale"
"1617946";"Francesco Landini";"Francesco Landini";FALSE;"";"Médiévale"
"1617947";"Johannes Ockeghem";"Ockeghem";FALSE;"Renaissance";"Renaissance"
"1617960";"Zoltan Kodaly";"Zoltán Kodály";FALSE;"Moderne";""
"1617992";"François Devienne";"Francois Devienne";FALSE;"Classique";"Classique"
"1618817";"John Blow";"John Blow";FALSE;"";"Baroque"
"1618820";"Ernest Chausson";"Chausson";FALSE;"Romantique";"Romantique"
"1618862";"Luigi Dallapiccola";"Dallapiccola";FALSE;"";"Moderne"
"1618865";"André Campra";"Campra";FALSE;"Baroque";""
"1618871";"Henri Vieuxtemps";"Vieuxtemps";FALSE;"";"Romantique"
"1618881";"Antonio Caldara";"Caldara";FALSE;"Baroque";""
"1622901";"Edward MacDowell";"Macdowell";FALSE;"";"Romantique"
"1623490";"Jacob Gade";"Jacob Gade";FALSE;"Moderne";"Romantique"
"16266";"François Couperin";"Couperin";FALSE;"Baroque";"Baroque"
"163081";"Alfred Schnittke";"Alfred Schnittke";FALSE;"";"Moderne"
"1632431";"Arnold Bax";"Arnold Bax";FALSE;"Moderne";"Romantique/Moderne"
"1632436";"Aram Khatchaturian";"Aram Khatchatourian | Khatchaturian";FALSE;"Moderne";""
"1635";"Erik Satie";"Satie";FALSE;"Moderne";"Romantique/Moderne"
"1635034";"Jennifer Higdon";"Higdon";FALSE;NA;NA
"1635063";"Carlo Gesualdo";"Gesualdo";FALSE;"Renaissance";"Renaissance/Baroque"
"1635066";"Carl Stamitz";"Carl Stamitz | C. Stamitz";FALSE;"";"Classique"
"1635075";"Muzio Clementi";"Clementi";FALSE;"Classique";"Classique/Romantique"
"1636675";"Antonio Salieri";"Salieri";FALSE;"Classique";"Classique"
"1636840";"Francesco Geminiani";"Geminiani";FALSE;"";"Baroque/Classique"
"1636859";"Josquin des Prés";"Josquin Des Prez | Josquin Des Pres";FALSE;"Renaissance";"Renaissance"
"1636876";"Frank Bridge";"Franck Bridge";FALSE;"Moderne";"Romantique/Moderne"
"1636891";"William Lawes";"William Lawes";FALSE;"";"Baroque"
"1636920";"John Field";"John Field";FALSE;"Classique";"Romantique"
"1636951";"Joseph Martin Kraus";"Kraus";FALSE;"Classique";"Classique"
"1636970";"Johann Stamitz";"Johann Stamitz | J. Stamitz";FALSE;NA;NA
"1636986";"Ernst Krenek";"Ernst Krenek";FALSE;"";"Moderne"
"1636992";"Carl Ditters von Dittersdorf";"Carl Ditters Von Dittersdorf | Karl Ditters Von Dittersdorf";FALSE;"";"Classique"
"1636995";"Giuseppe Tartini";"Tartini";FALSE;"Baroque";"Baroque/Classique"
"1637007";"Giovanni Battista Sammartini";"Sammartini";FALSE;"Baroque";"Baroque/Classique"
"1637064";"Joseph Canteloube";"Canteloube";FALSE;"Moderne";"Romantique/Moderne"
"1637111";"Manuel Ponce";"Manuel Ponce";FALSE;"";"Romantique/Moderne"
"1637139";"Johann Christoph Friedrich Bach";"Johann Christoph Friedrich Bach";FALSE;NA;NA
"1637145";"Leopold Mozart";"Leopold Mozart";FALSE;"Classique";"Baroque/Classique"
"1637165";"Wilhelm Friedemann Bach";"Wilhelm Friedemann Bach";FALSE;"Baroque";"Baroque/Classique"
"1637200";"Samuel Coleridge-Taylor";"Coleridge-Taylor";FALSE;"";"Romantique"
"1637215";"Reinhold Glière";"Glière";FALSE;"Post-romantique";"Romantique/Moderne"
"1637464";"Louis Vierne";"Vierne";FALSE;NA;NA
"1637546";"Celedonio Romero";"Celedonio Romero";FALSE;NA;NA
"1637563";"Rebecca Clarke";"Rebecca Clarke";FALSE;"";"Romantique/Moderne"
"163759";"Isabelle Aboulker";"Isabelle Aboulker";FALSE;"Contemporaine";""
"1637646";"Pierre de la Rue";"Pierre De La Rue";FALSE;"Renaissance";"Renaissance"
"1637675";"Giacomo Carissimi";"Carissimi";FALSE;"Baroque";"Baroque"
"1637715";"Adam de la Halle";"Adam De La Halle";FALSE;"Médiévale";"Médiévale"
"1637793";"Cesar Cui";"Cesar Cui";FALSE;"Romantique";"Romantique/Moderne"
"1638791";"Guillaume Lekeu";"Lekeu";FALSE;"Romantique";""
"1639073";"Carlos Rafael Rivera";"Carlos Rafael Rivera";FALSE;NA;NA
"1639451";"Marcel Dupré";"Marcel Dupré";FALSE;"";"Romantique/Moderne"
"1639552";"Philippe Manoury";"Philippe Manoury";FALSE;"Contemporaine";""
"1639554";"Giovanni Battista Viotti";"Viotti";FALSE;NA;NA
"1639691";"Philippe Verdelot";"Verdelot";FALSE;NA;NA
"1639922";"Adriano Banchieri";"Banchieri";FALSE;NA;NA
"1639970";"Clement Janequin";"Clément Janequin";FALSE;"Renaissance";"Renaissance"
"1639976";"John Taverner";"Taverner";FALSE;"Renaissance";"Renaissance"
"1639979";"Leon Boellmann";"Boellmann";FALSE;"Romantique";""
"1639982";"Charles Avison";"Avison";FALSE;"";"Baroque/Classique"
"1639983";"William Boyce";"William Boyce";FALSE;"";"Baroque/Classique"
"1640087";"Milton Babbitt";"Babbitt";FALSE;"";"Moderne"
"1640361";"Barbara Strozzi";"Barbara Strozzi | Strozzi";FALSE;"";"Baroque"
"1640371";"Diego Ortiz";"Diego Ortiz";FALSE;"Renaissance";"Renaissance"
"1640393";"Vitezslav Novak";"Vítězslav Novák";FALSE;NA;NA
"1640463";"Kurt Atterberg";"Atterberg";FALSE;"Post-romantique";""
"1640651";"Franz Schreker";"Schreker";FALSE;NA;NA
"1641130";"Johann Heinrich Schmelzer";"Johann Heinrich Schmelzer";FALSE;"";"Baroque"
"1641387";"Heinrich Ignaz Franz von Biber";"Biber";FALSE;"Baroque";"Baroque"
"1664185";"Alexander Glazunov";"Glazunov";FALSE;"Romantique";""
"1664191";"Félix Blumenfeld";"Blumenfeld";FALSE;NA;NA
"1676486";"Giovanni Legrenzi";"Legrenzi";FALSE;NA;NA
"1676520";"Leonid Desyatnikov";"Leonid Desyatnikov";FALSE;NA;NA
"1676522";"Bernd Alois Zimmermann";"Bernd Alois Zimmermann";FALSE;"";"Moderne"
"1676531";"Biagio Marini";"Biagio Marini";FALSE;NA;NA
"1676823";"Cris Velasco";"Cris Velasco";FALSE;NA;NA
"167970";"Aram Khachaturian";"Aram Khachaturian | Aram Khachatourian";FALSE;NA;NA
"1680158";"Anton Diabelli";"Diabelli";FALSE;"";"Classique/Romantique"
"168105";"Silvestre Revueltas";"Silvestre Revueltas";FALSE;"";"Moderne"
"1691554";"Mario Viñuela";"Viñuela | Vinuela";FALSE;NA;NA
"169772";"John Tavener";"Tavener";FALSE;"Contemporaine";"Moderne"
"1701249";"Alexander Arutiunian";"Arutiunian | Aroutiounian";FALSE;NA;NA
"170909";"Franz Lehar";"Franz Lehár | Lehar";FALSE;"";"Romantique/Moderne"
"1712591";"John Sheppard";"John Sheppard";FALSE;"";"Renaissance"
"175175";"Kurt Weill";"Weill";FALSE;"Moderne";"Moderne"
"176782";"Giuseppe Torelli";"Torelli";FALSE;"";"Baroque"
"176783";"Jean Francaix";"Francaix";FALSE;"Moderne";""
"176784";"Wolfgang Rihm";"Wolfgang Rihm";FALSE;NA;NA
"189296";"Paul Hindemith";"Hindemith";FALSE;"Moderne";"Moderne"
"1900";"Johann Sebastian Bach";"J.S Bach | Bach, J.S. | Bach";FALSE;"Baroque";"Baroque"
"1905741";"Luigi Nono";"Luigi Nono";FALSE;"";"Moderne"
"1906111";"Michel Corrette";"Michel Correte";FALSE;"";"Baroque/Classique"
"191347";"Sergei Rachmaninov";"Rachmaninoff | Rachmaninov";FALSE;"Post-romantique";"Romantique/Moderne"
"191731";"Mikhail Glinka";"Glinka";FALSE;NA;NA
"192279";"Henryk Gorecki";"Gorecki";FALSE;"";"Moderne"
"196857";"André Jolivet";"Andre Jolivet";FALSE;"Contemporaine";""
"1973141";"Charles-Valentin Alkan";"Charles-Valentin Alkan";FALSE;NA;NA
"1973151";"Mily Balakirev";"Balakirev";FALSE;"Romantique";"Romantique"
"200693";"Pietro Locatelli";"Pietro Locatelli";FALSE;"";"Baroque/Classique"
"200695";"Ernest Bloch";"Ernest Bloch";FALSE;"Moderne";"Romantique/Moderne"
"2012671";"Veljo Tormis";"Tormis";FALSE;NA;NA
"2013771";"Kristjan Järvi";"Kristjan Järvi";FALSE;NA;NA
"2013781";"Guillaume Connesson";"Connesson";FALSE;NA;NA
"2015481";"Rodion Shchedrin";"Rodion Chtchedrine | Shchedrin ";FALSE;"Moderne";""
"2016031";"Lili Boulanger";"Lili Boulanger | Boulanger";FALSE;"Moderne";"Moderne"
"201677";"Josef Strauss";"Josef Strauss";FALSE;"";"Romantique"
"2025231";"Anton Arensky";"Anton Arensky";FALSE;"";"Romantique"
"2037991";"Alberic Magnard";"Magnard";FALSE;"Moderne";""
"205644";"Modest Mussorgsky";"Mussorgsky | Moussorgsky";FALSE;"Romantique";"Romantique"
"205651";"Joaquin Turina";"Turina";FALSE;"";"Romantique/Moderne"
"205652";"Francisco Tarrega";"Francisco Tarrega";FALSE;"Romantique";"Romantique"
"205654";"Max Bruch";"Bruch";FALSE;"Romantique";"Romantique/Moderne"
"205660";"Jacques Offenbach";"Offenbach";FALSE;"Romantique";"Romantique"
"205661";"Ralph Vaughan Williams";"Vaughan Williams";FALSE;"Moderne";"Romantique/Moderne"
"207198";"Maurice Duruflé";"Duruflé ";FALSE;"Contemporaine";"Moderne"
"207645";"Jean Sibelius";"Sibelius";FALSE;"Romantique";"Romantique/Moderne"
"209511";"Heinz Holliger";"Holliger";FALSE;"";"Moderne"
"214883";"Manuel Rosenthal";"Manuel Rosenthal";FALSE;NA;NA
"214967";"Thomas Adès";"Thomas Adès";FALSE;"Contemporaine";""
"2396691";"Valentin Silvestrov";"Silvestrov";FALSE;NA;NA
"240609";"Serge Koussevitzky";"Sergei Koussevitzky";FALSE;"";"Romantique/Moderne"
"242083";"Darius Milhaud";"Milhaud";FALSE;"Moderne";"Moderne"
"243815";"Fritz Kreisler";"Kreisler";FALSE;"Moderne";"Romantique/Moderne"
"243893";"Georges Enesco";"Georges Enesco";FALSE;"Moderne";""
"244605";"Joaquin Rodrigo";"Joaquim Rodrigo";FALSE;"";"Moderne"
"244954";"Krzysztof Penderecki";"Penderecki";FALSE;"Contemporaine";"Moderne"
"255062";"Carlos Chavez";"Carlos Chavez";FALSE;"";"Moderne"
"255446";"Alessandro Scarlatti";"Alessandro Scarlatti";FALSE;"Baroque";"Baroque"
"255496";"Alfredo Casella";"Alfredo Casella";FALSE;"Moderne";""
"255497";"Domenico Cimarosa";"Cimarosa";FALSE;"";"Classique"
"263694";"Marc-Antoine Charpentier";"Charpentier";FALSE;"Baroque";"Baroque"
"264678";"Elliott Carter";"Elliott Carter | E. Carter";FALSE;"Contemporaine";"Moderne"
"265778";"William Bolcom";"William Bolcom";FALSE;NA;NA
"265779";"GEORGE CRUMB";"George Crumb | Crumb";FALSE;"";"Moderne"
"265856";"Robert Ashley";"Robert Ashley";FALSE;"";"Moderne"
"266516";"Frederic Rzewski";"Frederic Rzewski";FALSE;NA;NA
"2681";"Leonard Bernstein";"Bernstein";FALSE;"Moderne";"Moderne"
"271045";"Laurent Petitgirard";"Petitgirard";FALSE;NA;NA
"2734";"Erich Wolfgang Korngold";"Korngold";FALSE;"Moderne";"Moderne"
"2735571";"Saverio Mercadante";"Mercadante";FALSE;"Romantique";""
"2736";"Meredith Monk";"Meredith Monk";FALSE;"Contemporaine";"Contemporaine"
"2739451";"Alexander von Zemlinsky";"Alexander Von Zemlinsky | Zemlinsky";FALSE;"Moderne";"Romantique/Moderne"
"2740";"Moondog";"Moondog";FALSE;"Contemporaine";"Contemporaine"
"2760851";"Mikalojus Konstantinas Ciurlionis";"Ciurlionis";FALSE;NA;NA
"2842221";"Alexander Scriabin";"Alexander Scriabine | Alexander Scriabin";FALSE;"Moderne";"Romantique"
"287147";"John Philip Sousa";"John Philip Sousa";FALSE;"";"Romantique/Moderne"
"289768";"Georg Friedrich Haendel";"Haendel | Händel | Handel";FALSE;"Baroque";""
"299162";"Henry Cowell";"Cowell";FALSE;"";"Moderne"
"300956";"Richard Rodney Bennett";"Richard Rodney Bennett";FALSE;"";"Moderne"
"300958";"Malcolm Arnold";"Malcolm Arnold";FALSE;"";"Moderne"
"3012031";"Alfonso X El Sabio";"Alfonso X El Sabio";FALSE;"";"Médiévale"
"3014011";"Johann Friedrich Franz Burgmüller";"Friedrich Burgmüller";FALSE;NA;NA
"3024651";"Tristan Murail";"Tristan Murail";FALSE;"Contemporaine";""
"302634";"Per Nørgård";"Per Norgard | Nørgård";FALSE;NA;NA
"303712";"Sergei Prokofiev";"Prokofiev ";FALSE;"Moderne";"Moderne"
"305399";"Johann Strauss";"Strauss, J.I  | J. Strauss I";FALSE;"Romantique";"Romantique"
"307299";"Carl Philipp Emanuel Bach";"Carl Philipp Emanuel Bach";FALSE;"Classique";"Baroque/Classique"
"309996";"Louis Moreau Gottschalk";"Gottschalk";FALSE;"";"Romantique"
"309998";"Pyotr Ilyich Tchaikovsky";"Tchaikovsky | Tchaïkovsky | Tchaïkovski";FALSE;"Romantique";"Romantique"
"310213";"Samuel Scheidt";"Samuel Scheidt";FALSE;"Baroque";"Baroque"
"324981";"Karol Beffa";"Karol Beffa";FALSE;NA;NA
"3306031";"Johann Gottlieb Goldberg";"Goldberg | J.C. Goldberg";FALSE;NA;NA
"3309701";"Carl Thiel";"Carl Thiel";FALSE;NA;NA
"3310501";"Salvatore Sciarrino";"Salvatore Sciarrino";FALSE;NA;NA
"3356411";"Gérard Grisey";"Gerard Grisey";FALSE;"Contemporaine";""
"3378401";"Fanny Mendelssohn";"Fanny Mendelssohn";FALSE;"Romantique";"Romantique"
"3380001";"Olga Neuwirth";"Olga Neuwirth";FALSE;NA;NA
"3388181";"Domenico Dragonetti";"Dragonetti";FALSE;NA;NA
"3401411";"Pawel Lukaszewski";"Lukaszewski";FALSE;NA;NA
"3410041";"Beat Furrer";"Beat Furrer";FALSE;NA;NA
"342936";"Vincent D'Indy";"Vincent D'Indy";FALSE;"";"Romantique/Moderne"
"349283";"Edmon Colomer";"Colomer";FALSE;NA;NA
"350942";"Johann Christian Bach";"Johann Christian Bach";FALSE;"Classique";"Classique"
"353974";"Federico Mompou";"Frederico Mompou";FALSE;"";"Moderne"
"359678";"Germaine Tailleferre";"Tailleferre";FALSE;"Moderne";"Moderne"
"364343";"Hector Berlioz";"Berlioz";FALSE;"Romantique";"Romantique"
"375793";"Giacinto Scelsi";"Giacinto Scelsi";FALSE;"Contemporaine";""
"379091";"John Corigliano";"Corigliano";FALSE;"";"Moderne"
"386024";"Dmitri Shostakovich";"Chostakovitch | Shostakovich";FALSE;"Moderne";""
"391496";"Hans Werner Henze";"Henze";FALSE;"Contemporaine";"Moderne"
"399011";"Anton Bruckner";"Bruckner";FALSE;"Post-romantique";"Romantique"
"401509";"Claudio Monteverdi";"Monteverdi";FALSE;"Baroque";"Renaissance/Baroque"
"4081";"Antonio Vivaldi";"Vivaldi";FALSE;"Baroque";"Baroque"
"409729";"John Rutter";"John Rutter";FALSE;"";"Moderne"
"412086";"Fausto Romitelli";"Fausto Romitelli";FALSE;NA;NA
"4124478";"Charles Villiers Stanford";"Stanford | Charles Villiers Stanford";FALSE;"";"Romantique/Moderne"
"4180973";"Jean-Joseph Cassanéa De Mondonville";"Mondonville";FALSE;"Baroque";""
"4223883";"La Monte Young";"La Monte Young";FALSE;"Moderne";"Moderne"
"4225";"Carl Orff";"Orff";FALSE;"Moderne";"Moderne"
"4228784";"Witold Lutosławski";"Lutoslawski";FALSE;"";"Moderne"
"4230941";"Peter Maxwell Davies";"Maxwell Davies";FALSE;"";"Moderne"
"424760";"Niccolò Paganini";"Paganini";FALSE;"Pré-romantique";"Classique/Romantique"
"425276";"Michael Haydn";"Michael Haydn";FALSE;"Classique";"Classique"
"4331";"Ludovico Einaudi";"Einaudi";FALSE;"Moderne";"Moderne"
"437166";"Nikolai Rimsky-Korsakov";"Rimsky-Korsakov | Rimski-Korsakow";FALSE;"Romantique";"Romantique"
"437167";"Gioachino Rossini";"Rossini";FALSE;"Romantique";"Classique/Romantique"
"437168";"Carl Maria von Weber";"Carl Maria Von Weber";FALSE;"Pré-romantique";"Classique"
"437169";"Ronald Binge";"Ronald Binge";FALSE;"";"Moderne"
"437170";"Alexander Borodin";"Borodine | Borodin ";FALSE;"Romantique";""
"437172";"Edward Elgar";"Elgar";FALSE;"Post-romantique";"Romantique/Moderne"
"437173";"Emmanuel Chabrier";"Chabrier";FALSE;"Romantique";"Romantique"
"437174";"Manuel De Falla";"De Falla";FALSE;"Moderne";"Romantique/Moderne"
"4505";"Tomaso Albinoni";"Tomaso Albinoni";FALSE;"Baroque";"Baroque"
"452512";"Luciano Berio";"Berio";FALSE;"Contemporaine";"Moderne"
"4537651";"Alexander Motovilov";"Alexander Motovilov";FALSE;NA;NA
"4596967";"Michael Tippett";"Tippett";FALSE;"Contemporaine";""
"460395";"Béla Bartók";"Bartok";FALSE;"Moderne";"Romantique/Moderne"
"4610701";"François-Adrien Boïeldieu";"Boieldieu";FALSE;"Classique";""
"463502";"Édouard Lalo";"Lalo";FALSE;"Romantique";"Romantique"
"4694";"Lalo Schifrin";"Schifrin";FALSE;"Moderne";"Moderne"
"4726";"Philip Glass";"Philip Glass";FALSE;"Contemporaine";"Moderne"
"4735";"Karl Jenkins";"Karl Jenkins";FALSE;"Moderne";"Moderne"
"475950";"Alberto Ginastera";"Ginastera";FALSE;"Contemporaine";"Moderne"
"487942";"Karlheinz Stockhausen";"Stockhausen";FALSE;"Moderne";"Moderne"
"4976";"Giuseppe Verdi";"Verdi";FALSE;"Romantique";"Romantique"
"500210";"Jérôme Rebotier";"Jérôme Rebotier";FALSE;NA;NA
"5021";"Andrés Segovia";"Segovia";FALSE;"Moderne";"Moderne"
"5153";"Gregorio Allegri";"Gregorio Allegri";FALSE;"Baroque";"Baroque"
"5176";"Claude Debussy";"Debussy";FALSE;"Moderne";"Romantique/Moderne"
"520650";"Jean-Philippe Rameau";"Rameau";FALSE;"Baroque";"Baroque/Classique"
"532210";"Heinrich Schütz";"Heinrich Schütz";FALSE;"Baroque";"Baroque"
"54540";"Toru Takemitsu";"Takemitsu";FALSE;"Contemporaine";"Moderne"
"54756";"Terry Riley";"Terry Riley";FALSE;"Contemporaine";"Moderne"
"54820";"Henri Pousseur";"Henri Pousseur";FALSE;"";"Moderne"
"55032";"Wilhelm Furtwängler";"Furtwangler";FALSE;"";"Romantique/Moderne"
"55627";"Georges Schmitt";"Florent Schmitt";FALSE;"Moderne";""
"565980";"Michele Fedrigotti";"Fedrigotti";FALSE;NA;NA
"56743222";"Pascal Dusapin";"Pascal Dusapin";FALSE;"Contemporaine";""
"5695";"Wolfgang Amadeus Mozart";"Mozart | W.A. Mozart";FALSE;"Classique";"Classique"
"57140";"Charles-marie Widor";"Widor";FALSE;"Post-romantique";"Romantique/Moderne"
"58340";"Bruno Maderna";"Bruno Maderna";FALSE;"";"Moderne"
"5866";"Johann Pachelbel";"Pachelbel";FALSE;"Baroque";"Baroque"
"59238";"Girolamo Frescobaldi";"Frescobaldi";FALSE;"Baroque";"Baroque"
"605557";"Arthur Honegger";"Honegger";FALSE;"Moderne";"Moderne"
"605560";"George Antheil";"George Antheil";FALSE;"";"Moderne"
"60951";"Olivier Messiaen";"Olivier Messiaen";FALSE;"Contemporaine";"Moderne"
"6139";"Edvard Grieg";"Grieg";FALSE;"Romantique";"Romantique"
"6144";"Ludwig van Beethoven";"Beethoven";FALSE;"Pré-romantique";"Classique/Romantique"
"6355";"Vincenzo Bellini";"Bellini";FALSE;"Romantique";"Romantique"
"64274";"John Adams";"John Adams";FALSE;"";"Moderne"
"64292";"Louis Andriessen";"Louis Andriessen";FALSE;NA;NA
"648420";"Frank Martin";"Frank Martin";FALSE;"";"Moderne"
"65832";"Pierre Boulez";"Boulez";FALSE;"Contemporaine";"Moderne"
"660560";"Henri Dutilleux";"Dutilleux";FALSE;"Contemporaine";"Moderne"
"661973";"Fabrizio Paterlini";"Paterlini";FALSE;NA;NA
"6690";"Max Richter";"Max Richter";FALSE;"Contemporaine";"Contemporaine"
"67806";"Ariel Ramirez";"Ariel Ramirez";FALSE;"Contemporaine";""
"6801";"Samuel Barber";"Barber";FALSE;"Moderne";"Moderne"
"68039";"Giuseppe Sinopoli";"Sinopoli";FALSE;NA;NA
"68387";"Heitor Villa-Lobos";"Villa-Lobos";FALSE;"Moderne";"Romantique/Moderne"
"68521";"Artur Schnabel";"Arthur Schnabel";FALSE;"";"Romantique/Moderne"
"6854";"Amilcare Ponchielli";"Ponchielli";FALSE;"Romantique";""
"6914";"Gustav Mahler";"Mahler";FALSE;"Post-romantique";"Romantique"
"7128";"Johannes Brahms";"Brahms";FALSE;"Romantique";"Romantique"
"7203";"Maurice Ravel";"Ravel";FALSE;"Moderne";"Romantique/Moderne"
"7228";"Franz Schubert";"Schubert";FALSE;"Pré-romantique";"Classique/Romantique"
"72401";"Olivier Deriviere";"Deriviere";FALSE;NA;NA
"72447";"Iannis Xenakis";"Iannis Xenakis";FALSE;"Moderne";"Moderne"
"73571";"Igor Stravinsky";"Stravinsky | Stravinski";FALSE;"Moderne";"Romantique/Moderne"
"73651";"Esa-Pekka Salonen";"Esa-Pekka Salonen";FALSE;NA;NA
"7368";"George Gershwin";"Gershwin";FALSE;"Moderne";"Moderne"
"7416";"Aaron Copland";"Aaron Copland";FALSE;"Moderne";"Moderne"
"7651";"Fernando Sor";"Sor";FALSE;"";"Classique/Romantique"
"7692";"Camille Saint-Saëns";"Camille Saint-Saens | Saint-Saëns";FALSE;"Romantique";"Romantique/Moderne"
"7730";"David Foster";"David Foster";FALSE;"";"Romantique"
"77553";"Pablo Casals";"Casals";FALSE;"";"Romantique/Moderne"
"796751";"Max Reger";"Max Reger";FALSE;"Moderne";"Romantique"
"7991";"György Ligeti";"Ligeti";FALSE;"Contemporaine";"Moderne"
"805";"John Williams";"John Williams";FALSE;"Contemporaine";"Moderne"
"807583";"Clara Schumann";"Clara Schumann";FALSE;"Romantique";"Romantique"
"8100";"Alfredo Catalani";"Alfredo Catalani";FALSE;"Romantique";""
"823557";"Ferruccio Busoni";"Busoni";FALSE;"";"Romantique/Moderne"
"8244";"Giacomo Puccini";"Puccini";FALSE;"Post-romantique";"Romantique/Moderne"
"824615";"Fiona MONBET";"Fiona Monbet";FALSE;NA;NA
"827008";"Cornelius Cardew";"Cornelius Cardew";FALSE;"";"Moderne"
"8473";"Frédéric Chopin";"Chopin";FALSE;"Romantique";"Romantique"
"8584832";"Armin Haas";"Georg Friedrich Haas";FALSE;NA;NA
"8591530";"Kim Andre Arnesen";"Kim André Arnesen";FALSE;NA;NA
"8624214";"Dmitry Evgrafov";"Evgrafov";FALSE;NA;NA
"8667";"John Cage";"Cage | John Cage";FALSE;"Moderne";"Moderne"
"87323";"Jean-claude Risset";"Jean-Claude Risset";FALSE;"Contemporaine";""
"87334";"Alvin Lucier";"Alvin Lucier";FALSE;NA;NA
"87361";"Pierre Schaeffer";"Pierre Schaeffer";FALSE;"Contemporaine";""
"87367";"Pauline Oliveros";"Pauline Oliveros";FALSE;NA;NA
"87371";"Morton Subotnick";"Morton Subotnick";FALSE;NA;NA
"87383";"Percy Grainger";"Grainger";FALSE;"";"Romantique/Moderne"
"8762";"Georges Bizet";"Bizet";FALSE;"Romantique";"Romantique"
"880037";"Christian Wolff";"Christian Wolff";FALSE;"";"Moderne"
"887";"Michael Nyman";"Michel Nyman";FALSE;"Moderne";"Moderne"
"88979";"Helmut Lachenmann";"Lachenmann";FALSE;NA;NA
"88981";"Mauricio Kagel";"Mauricio Kagel";FALSE;"Contemporaine";""
"8980120";"Sergio Díaz De Rojas";"De Rojas";FALSE;NA;NA
"9015";"Paul Dukas";"Dukas";FALSE;"Post-romantique";"Romantique/Moderne"
"91220";"Thierry Escaich";"Thierry Escaich";FALSE;NA;NA
"9140";"Scott Joplin";"Joplin";FALSE;"";"Romantique/Moderne"
"9154";"Edgard Varèse";"Varèse";FALSE;"Moderne";"Romantique/Moderne"
"92837852";"A. Blomqvist";"A. Blomqvist";FALSE;NA;NA
"95239";"Benjamin Britten";"Britten";FALSE;"Moderne";"Moderne"
"9999386";"Camille Pépin";"Camille Pepin";FALSE;"Contemporaine";""
