musicbrainz_id,artist_name,url
302bd7b9-d012-4360-897a-93b00c855680,David Guetta,https://www.wikidata.org/wiki/Q8298
b0dfa8b9-cd40-43eb-9472-c02cb1db3297,Timal,https://www.deezer.com/artist/74463
302bd7b9-d012-4360-897a-93b00c855680,David Guetta,https://www.allmusic.com/artist/mn0000213561
302bd7b9-d012-4360-897a-93b00c855680,David Guetta,https://open.spotify.com/artist/1Cs0zKBU1kc0i8ypK3B9ai
302bd7b9-d012-4360-897a-93b00c855680,David Guetta,https://www.discogs.com/artist/36527
302bd7b9-d012-4360-897a-93b00c855680,David Guetta,https://www.deezer.com/artist/542
c8b03190-306c-4120-bb0b-6f2ebfc06ea9,The Weeknd,https://www.allmusic.com/artist/mn0002674162
b0dfa8b9-cd40-43eb-9472-c02cb1db3297,Timal,https://www.discogs.com/artist/1896332
bf7127d0-85b4-418c-89f1-316cdff30918,Zola,https://www.wikidata.org/wiki/Q892409
9ff87295-bdfc-46fc-b605-456cc39d84ca,Alonzo,https://www.discogs.com/artist/460590
519cacf4-8d27-4071-8b01-0824fabcdfbb,Hamza,https://www.discogs.com/artist/1602513
e369e789-6f07-4ce8-a70f-e136bc57bf3b,Niska,https://open.spotify.com/artist/7CUFPNi1TU8RowpnFRSsZV
e369e789-6f07-4ce8-a70f-e136bc57bf3b,Niska,https://www.wikidata.org/wiki/Q24689203
b5750ee5-ddf4-45ed-a79a-af5b31f48ce5,Hamza,https://www.discogs.com/artist/5150037
3bca1168-e7c6-4beb-9af9-db9dc674b1fa,Ed Sheeran,https://www.allmusic.com/artist/mn0003083762
b5750ee5-ddf4-45ed-a79a-af5b31f48ce5,Hamza,https://www.discogs.com/artist/2564725
9ff87295-bdfc-46fc-b605-456cc39d84ca,Alonzo,https://www.wikidata.org/wiki/Q4734521
e369e789-6f07-4ce8-a70f-e136bc57bf3b,Niska,https://www.allmusic.com/artist/mn0003418968
bf7127d0-85b4-418c-89f1-316cdff30918,Zola,https://www.discogs.com/artist/745279
e369e789-6f07-4ce8-a70f-e136bc57bf3b,Niska,https://www.deezer.com/artist/5288900
9ff87295-bdfc-46fc-b605-456cc39d84ca,Alonzo,https://www.deezer.com/artist/259729
e369e789-6f07-4ce8-a70f-e136bc57bf3b,Niska,https://www.discogs.com/artist/3958584
9ff87295-bdfc-46fc-b605-456cc39d84ca,Alonzo,https://open.spotify.com/artist/2z2TRvloJt4EfUNQp9rHAi
b5750ee5-ddf4-45ed-a79a-af5b31f48ce5,Hamza,https://www.discogs.com/artist/425360
bf7127d0-85b4-418c-89f1-316cdff30918,Zola,https://open.spotify.com/artist/2ymJS3hSwX5yiNdYroipCW
bf7127d0-85b4-418c-89f1-316cdff30918,Zola,https://www.deezer.com/artist/8722
530a9937-4229-4d7e-8457-4853d7d5dd7a,Soolking,https://www.allmusic.com/artist/mn0003643747
530a9937-4229-4d7e-8457-4853d7d5dd7a,Soolking,https://www.deezer.com/artist/10189104
530a9937-4229-4d7e-8457-4853d7d5dd7a,Soolking,https://open.spotify.com/artist/0GgY7hjMoGDsX8ZDe2mwds
530a9937-4229-4d7e-8457-4853d7d5dd7a,Soolking,https://www.wikidata.org/wiki/Q48964824
530a9937-4229-4d7e-8457-4853d7d5dd7a,Soolking,https://www.discogs.com/artist/6318005
41fe37a6-f4bb-4340-9c14-e2c8e5d854f1,Ninho,https://www.deezer.com/artist/5542343
41fe37a6-f4bb-4340-9c14-e2c8e5d854f1,Ninho,https://www.allmusic.com/artist/mn0003012259
73e5e69d-3554-40d8-8516-00cb38737a1c,Rihanna,https://www.allmusic.com/artist/mn0002947871
f4703541-0e73-411f-a5ff-dc8a0cb972ac,Yanns,https://www.allmusic.com/artist/mn0004128928
73e5e69d-3554-40d8-8516-00cb38737a1c,Rihanna,https://www.discogs.com/artist/321128
41fe37a6-f4bb-4340-9c14-e2c8e5d854f1,Ninho,https://open.spotify.com/artist/6Te49r3A6f5BiIgBRxH7FH
f4703541-0e73-411f-a5ff-dc8a0cb972ac,Yanns,https://open.spotify.com/artist/3mirzmIKVfvqcW0M5OKAzR
73e5e69d-3554-40d8-8516-00cb38737a1c,Rihanna,https://www.wikidata.org/wiki/Q36844
f4703541-0e73-411f-a5ff-dc8a0cb972ac,Yanns,https://www.deezer.com/artist/10725097
f4703541-0e73-411f-a5ff-dc8a0cb972ac,Yanns,https://www.wikidata.org/wiki/Q115747225
41fe37a6-f4bb-4340-9c14-e2c8e5d854f1,Ninho,https://www.discogs.com/artist/4723220
f4703541-0e73-411f-a5ff-dc8a0cb972ac,Yanns,https://www.discogs.com/artist/11810624
73e5e69d-3554-40d8-8516-00cb38737a1c,Rihanna,https://www.allmusic.com/artist/mn0000367188
41fe37a6-f4bb-4340-9c14-e2c8e5d854f1,Ninho,https://www.wikidata.org/wiki/Q41789930
73e5e69d-3554-40d8-8516-00cb38737a1c,Rihanna,https://www.deezer.com/artist/564
73e5e69d-3554-40d8-8516-00cb38737a1c,Rihanna,https://open.spotify.com/artist/5pKCCKE2ajJHZ9KAiaK11H
73e5e69d-3554-40d8-8516-00cb38737a1c,Rihanna,https://www.discogs.com/artist/1986565
c8b03190-306c-4120-bb0b-6f2ebfc06ea9,The Weeknd,https://www.discogs.com/artist/2838279
52315221-8b06-4fb1-bfd3-16057aa4f9e1,Koba LaD,https://www.wikidata.org/wiki/Q60373974
076a3c36-f393-4f48-8754-302b146dcf12,Sia,https://open.spotify.com/artist/1hP7FHieMakh44E1edH89w
52315221-8b06-4fb1-bfd3-16057aa4f9e1,Koba LaD,https://www.discogs.com/artist/6741091
52315221-8b06-4fb1-bfd3-16057aa4f9e1,Koba LaD,https://www.deezer.com/artist/14621667
52315221-8b06-4fb1-bfd3-16057aa4f9e1,Koba LaD,https://open.spotify.com/artist/1q7T9rFQ2a2ukA1PU51fo3
b0dfa8b9-cd40-43eb-9472-c02cb1db3297,Timal,https://open.spotify.com/artist/2ptKt4yP4mYRZmvi09JYyi
dcd4701d-64ec-443d-bfbf-73fc87c44bd6,Angèle,https://www.discogs.com/artist/5226023
dcd4701d-64ec-443d-bfbf-73fc87c44bd6,Angèle,https://www.wikidata.org/wiki/Q45192617
dcd4701d-64ec-443d-bfbf-73fc87c44bd6,Angèle,https://www.deezer.com/artist/1042268
ab2528d9-719f-4261-8098-21849222a0f2,Stromae,https://www.allmusic.com/artist/mn0002410546
ab2528d9-719f-4261-8098-21849222a0f2,Stromae,https://open.spotify.com/artist/5j4HeCoUlzhfWtjAfM1acR
ab2528d9-719f-4261-8098-21849222a0f2,Stromae,https://www.discogs.com/artist/1735302
7015a83d-d8c8-4f55-ae4f-4d0665aa8770,Laylow,https://www.discogs.com/artist/6866861
ab2528d9-719f-4261-8098-21849222a0f2,Stromae,https://www.deezer.com/artist/310260
da913c8c-6c66-4233-b846-c4dab2065a7e,Soprano,https://www.discogs.com/artist/11908358
dcd4701d-64ec-443d-bfbf-73fc87c44bd6,Angèle,https://open.spotify.com/artist/3QVolfxko2UyCOtexhVTli
ab2528d9-719f-4261-8098-21849222a0f2,Stromae,https://www.wikidata.org/wiki/Q313453
dcd4701d-64ec-443d-bfbf-73fc87c44bd6,Angèle,https://www.allmusic.com/artist/mn0003626948
dcd4701d-64ec-443d-bfbf-73fc87c44bd6,Angèle,https://www.discogs.com/artist/6321815
ab2528d9-719f-4261-8098-21849222a0f2,Stromae,https://www.discogs.com/artist/1277429
112b13a0-1a9b-4750-9dc1-54c6b67dd8ea,Zola,https://www.discogs.com/artist/375989
d6f204c1-ea79-4ad0-bac3-862faad14130,Josman,https://www.wikidata.org/wiki/Q86675858
b2fbd053-4380-412c-95d2-35c6da8f1011,GIMS,https://www.wikidata.org/wiki/Q3303251
e728bdee-f4fe-457f-ae08-e182c18ae970,Alonzo,https://open.spotify.com/user/21ynvp7mjyxhlkuevmociftgy
d6f204c1-ea79-4ad0-bac3-862faad14130,Josman,https://open.spotify.com/artist/6dbdXbyAWk2qx8Qttw0knR
a4ab6bb1-2b7e-4d5f-bad6-dcd6b6daa5d6,Djadja & Dinaz,https://www.wikidata.org/wiki/Q24286848
d6f204c1-ea79-4ad0-bac3-862faad14130,Josman,https://www.discogs.com/artist/4229630
a4ab6bb1-2b7e-4d5f-bad6-dcd6b6daa5d6,Djadja & Dinaz,https://www.deezer.com/artist/9930130
b2fbd053-4380-412c-95d2-35c6da8f1011,GIMS,https://www.discogs.com/artist/2365701
b2fbd053-4380-412c-95d2-35c6da8f1011,GIMS,https://www.allmusic.com/artist/mn0002670918
a4ab6bb1-2b7e-4d5f-bad6-dcd6b6daa5d6,Djadja & Dinaz,https://www.discogs.com/artist/5320431
d6f204c1-ea79-4ad0-bac3-862faad14130,Josman,https://www.deezer.com/artist/7365500
b2fbd053-4380-412c-95d2-35c6da8f1011,GIMS,https://www.deezer.com/artist/4429712
a4ab6bb1-2b7e-4d5f-bad6-dcd6b6daa5d6,Djadja & Dinaz,https://open.spotify.com/artist/5hREZP0zTQbTLkZ2M8RS4v
b2fbd053-4380-412c-95d2-35c6da8f1011,GIMS,https://open.spotify.com/artist/0GOx72r5AAEKRGQFn3xqXK
453b7024-ff07-4e34-8d3d-41ca6733e4f5,Ninho,https://open.spotify.com/artist/5khN1WMyNKy1CsaJiNgO2n
d721866d-5640-44ee-87f7-23dd062abd8a,Nekfeu,https://www.allmusic.com/artist/mn0003001875
8e6c44df-06fc-4852-83d0-ef0efed6630a,Jul,https://www.deezer.com/artist/1191615
8e6c44df-06fc-4852-83d0-ef0efed6630a,Jul,https://open.spotify.com/artist/3IW7ScrzXmPvZhB27hmfgy
71ff695e-896a-4043-aea4-93eadde08d09,Damso,https://open.spotify.com/artist/2UwqpfQtNuhBwviIC0f2ie
8e6c44df-06fc-4852-83d0-ef0efed6630a,Jul,https://www.allmusic.com/artist/mn0001447831
71ff695e-896a-4043-aea4-93eadde08d09,Damso,https://www.deezer.com/artist/9197980
d721866d-5640-44ee-87f7-23dd062abd8a,Nekfeu,https://open.spotify.com/artist/4LXBc13z5EWsc5N32bLxfH
d721866d-5640-44ee-87f7-23dd062abd8a,Nekfeu,https://www.wikidata.org/wiki/Q19897862
71ff695e-896a-4043-aea4-93eadde08d09,Damso,https://www.wikidata.org/wiki/Q26255308
8e6c44df-06fc-4852-83d0-ef0efed6630a,Jul,https://www.discogs.com/artist/3756920
d721866d-5640-44ee-87f7-23dd062abd8a,Nekfeu,https://www.deezer.com/artist/1412564
d721866d-5640-44ee-87f7-23dd062abd8a,Nekfeu,https://www.discogs.com/artist/2167404
8e6c44df-06fc-4852-83d0-ef0efed6630a,Jul,https://www.wikidata.org/wiki/Q16730480
71ff695e-896a-4043-aea4-93eadde08d09,Damso,https://www.discogs.com/artist/4723212
c8b03190-306c-4120-bb0b-6f2ebfc06ea9,The Weeknd,https://open.spotify.com/artist/1Xyo4u8uXC1ZmMpatF05PJ
74def643-c770-470d-a0b5-21c0fa60069e,Maes,https://open.spotify.com/artist/6L34dW6SKMSDaGIfYDU19j
10df38da-1292-4881-bd96-c6dfead3934b,Lacrim,https://www.deezer.com/artist/4087782
74def643-c770-470d-a0b5-21c0fa60069e,Maes,https://www.deezer.com/artist/4448630
10df38da-1292-4881-bd96-c6dfead3934b,Lacrim,https://www.discogs.com/artist/2707062
ecca82a9-0b5f-4b01-86aa-6b9fe62b09fe,Dadju,https://open.spotify.com/artist/4sbXXFzEWJY2zsZjelerjX
ecca82a9-0b5f-4b01-86aa-6b9fe62b09fe,Dadju,https://www.deezer.com/artist/4803754
ecca82a9-0b5f-4b01-86aa-6b9fe62b09fe,Dadju,https://www.allmusic.com/artist/mn0003156522
ecca82a9-0b5f-4b01-86aa-6b9fe62b09fe,Dadju,https://www.wikidata.org/wiki/Q43251682
ecca82a9-0b5f-4b01-86aa-6b9fe62b09fe,Dadju,https://www.discogs.com/artist/3568763
74def643-c770-470d-a0b5-21c0fa60069e,Maes,https://www.wikidata.org/wiki/Q60835535
10df38da-1292-4881-bd96-c6dfead3934b,Lacrim,https://open.spotify.com/artist/7DUTsWY3RBd64vh8UtgtYA
c8b03190-306c-4120-bb0b-6f2ebfc06ea9,The Weeknd,https://www.deezer.com/artist/4050205
74def643-c770-470d-a0b5-21c0fa60069e,Maes,https://www.discogs.com/artist/6717171
10df38da-1292-4881-bd96-c6dfead3934b,Lacrim,https://www.wikidata.org/wiki/Q14917975
c8b03190-306c-4120-bb0b-6f2ebfc06ea9,The Weeknd,https://www.discogs.com/artist/2171152
c8b03190-306c-4120-bb0b-6f2ebfc06ea9,The Weeknd,https://www.wikidata.org/wiki/Q2121062
b04c952c-16c4-41ad-bd62-ace5047cdf6e,Laylow,https://open.spotify.com/artist/0LnhY2fzptb0QEs5Q5gM7S
650e7db6-b795-4eb5-a702-5ea2fc46c848,Lady Gaga,https://www.discogs.com/artist/1525683
650e7db6-b795-4eb5-a702-5ea2fc46c848,Lady Gaga,https://open.spotify.com/artist/1HY2Jd0NmPuamShAr6KMms
a6386935-e6ee-4aaa-aaa8-70f56b79bc29,Clara Luciani,https://www.wikidata.org/wiki/Q55128479
650e7db6-b795-4eb5-a702-5ea2fc46c848,Lady Gaga,https://www.wikidata.org/wiki/Q19848
a6386935-e6ee-4aaa-aaa8-70f56b79bc29,Clara Luciani,https://www.discogs.com/artist/2872588
a6386935-e6ee-4aaa-aaa8-70f56b79bc29,Clara Luciani,https://open.spotify.com/artist/2oVrruuEI0Dr2I4NvLtQS0
650e7db6-b795-4eb5-a702-5ea2fc46c848,Lady Gaga,https://www.allmusic.com/artist/mn0000994823
650e7db6-b795-4eb5-a702-5ea2fc46c848,Lady Gaga,https://open.spotify.com/user/ladygaga_spotify
650e7db6-b795-4eb5-a702-5ea2fc46c848,Lady Gaga,https://www.discogs.com/artist/1103159
650e7db6-b795-4eb5-a702-5ea2fc46c848,Lady Gaga,https://www.discogs.com/artist/5729318
a6386935-e6ee-4aaa-aaa8-70f56b79bc29,Clara Luciani,https://www.deezer.com/artist/4889156
cc197bad-dc9c-440d-a5b5-d52ba2e14234,Coldplay,https://www.allmusic.com/artist/mn0000775877
b04c952c-16c4-41ad-bd62-ace5047cdf6e,Laylow,https://www.discogs.com/artist/5750515
650e7db6-b795-4eb5-a702-5ea2fc46c848,Lady Gaga,https://www.deezer.com/artist/75491
cc197bad-dc9c-440d-a5b5-d52ba2e14234,Coldplay,https://www.discogs.com/artist/29735
b04c952c-16c4-41ad-bd62-ace5047cdf6e,Laylow,https://www.wikidata.org/wiki/Q96386530
cc197bad-dc9c-440d-a5b5-d52ba2e14234,Coldplay,https://open.spotify.com/artist/4gzpq5DPGxSnKTe4SA8HAU
cc197bad-dc9c-440d-a5b5-d52ba2e14234,Coldplay,https://www.wikidata.org/wiki/Q45188
95290c6d-4b43-496e-bd00-f8c3d9d87cb3,Zola,https://www.discogs.com/artist/1262709
cc197bad-dc9c-440d-a5b5-d52ba2e14234,Coldplay,https://www.deezer.com/artist/892
a6386935-e6ee-4aaa-aaa8-70f56b79bc29,Clara Luciani,https://www.allmusic.com/artist/mn0003247824
b04c952c-16c4-41ad-bd62-ace5047cdf6e,Laylow,https://www.deezer.com/artist/4510044
da04991d-8e8a-43be-9892-1e6342a77410,PNL,https://www.discogs.com/artist/1190252
da04991d-8e8a-43be-9892-1e6342a77410,PNL,https://www.allmusic.com/artist/mn0003456146
99e60008-f95f-4974-b9c6-bd94fb141349,Hamza,https://www.discogs.com/artist/411036
da04991d-8e8a-43be-9892-1e6342a77410,PNL,https://open.spotify.com/artist/3NH8t45zOTqzlZgBvZRjvB
cf580d82-3f3e-4b86-8874-7e0fbe794f01,Aya Nakamura,https://www.deezer.com/artist/8909272
da04991d-8e8a-43be-9892-1e6342a77410,PNL,https://www.deezer.com/artist/1519461
da04991d-8e8a-43be-9892-1e6342a77410,PNL,https://www.wikidata.org/wiki/Q21403486
cf580d82-3f3e-4b86-8874-7e0fbe794f01,Aya Nakamura,https://www.allmusic.com/artist/mn0003438277
2f548675-008d-4332-876c-108b0c7ab9c5,Sia,https://open.spotify.com/artist/5WUlDfRSoLAfcVSX1WnrxN
2f548675-008d-4332-876c-108b0c7ab9c5,Sia,https://www.discogs.com/artist/44758
2f548675-008d-4332-876c-108b0c7ab9c5,Sia,https://www.wikidata.org/wiki/Q181484
ee782f62-1bdb-4a0b-8fc4-3bf2a8c1f979,Dinos,https://www.deezer.com/artist/292949
2f548675-008d-4332-876c-108b0c7ab9c5,Sia,https://www.discogs.com/artist/21991
2f548675-008d-4332-876c-108b0c7ab9c5,Sia,https://www.deezer.com/artist/3469
ee782f62-1bdb-4a0b-8fc4-3bf2a8c1f979,Dinos,https://open.spotify.com/artist/1QPdp5duV6lV4XINCzjwQ2
ee782f62-1bdb-4a0b-8fc4-3bf2a8c1f979,Dinos,https://www.wikidata.org/wiki/Q55596640
2f548675-008d-4332-876c-108b0c7ab9c5,Sia,https://www.allmusic.com/artist/mn0000753742
754b3a0c-5d82-45cd-afb9-502b368ad8c3,Leto,https://www.discogs.com/artist/6638473
ee782f62-1bdb-4a0b-8fc4-3bf2a8c1f979,Dinos,https://www.discogs.com/artist/3314160
070a4a70-705b-41ba-a30a-cac559c781f8,SCH,https://www.deezer.com/artist/162665
070a4a70-705b-41ba-a30a-cac559c781f8,SCH,https://www.wikidata.org/wiki/Q24286772
3648e742-f0d1-4b8c-9e38-316a82f85fc0,Zola,https://www.wikidata.org/wiki/Q65029566
070a4a70-705b-41ba-a30a-cac559c781f8,SCH,https://open.spotify.com/artist/2kXKa3aAFngGz2P4GjG5w2
cf580d82-3f3e-4b86-8874-7e0fbe794f01,Aya Nakamura,https://open.spotify.com/artist/7IlRNXHjoOCgEAWN5qYksg
070a4a70-705b-41ba-a30a-cac559c781f8,SCH,https://www.discogs.com/artist/4470776
070a4a70-705b-41ba-a30a-cac559c781f8,SCH,https://www.allmusic.com/artist/mn0003408567
6a2244c9-3122-454e-b83d-b23e2968884e,Hamza,https://www.discogs.com/artist/4257695
cf580d82-3f3e-4b86-8874-7e0fbe794f01,Aya Nakamura,https://www.discogs.com/artist/4814288
6a2244c9-3122-454e-b83d-b23e2968884e,Hamza,https://www.deezer.com/artist/171998
6a2244c9-3122-454e-b83d-b23e2968884e,Hamza,https://open.spotify.com/artist/5gs4Sm2WQUkcGeikMcVHbh
6a2244c9-3122-454e-b83d-b23e2968884e,Hamza,https://www.wikidata.org/wiki/Q44746097
cf580d82-3f3e-4b86-8874-7e0fbe794f01,Aya Nakamura,https://www.wikidata.org/wiki/Q37793136
635e50a0-3c8f-4675-a0e6-9e3555cc4e0a,Leto,https://www.deezer.com/artist/455796
b95ce3ff-3d05-4e87-9e01-c97b66af13d4,Eminem,https://www.deezer.com/artist/13
dae7d996-38fe-4578-bf75-1e2510f522bb,Gazo,https://www.wikidata.org/wiki/Q107427536
dae7d996-38fe-4578-bf75-1e2510f522bb,Gazo,https://www.allmusic.com/artist/mn0003979047
2bd0c272-dd22-4395-8381-18fa2fa59f1e,Tiakola,https://www.deezer.com/artist/13918545
6f1a58bf-9b1b-49cf-a44a-6cefad7ae04f,Dua Lipa,https://www.wikidata.org/wiki/Q21914464
2bd0c272-dd22-4395-8381-18fa2fa59f1e,Tiakola,https://www.discogs.com/artist/8050214
b95ce3ff-3d05-4e87-9e01-c97b66af13d4,Eminem,https://www.allmusic.com/artist/mn0001892803
b95ce3ff-3d05-4e87-9e01-c97b66af13d4,Eminem,https://www.allmusic.com/artist/mn0000157676
2bd0c272-dd22-4395-8381-18fa2fa59f1e,Tiakola,https://www.allmusic.com/artist/mn0003855081
635e50a0-3c8f-4675-a0e6-9e3555cc4e0a,Leto,https://www.deezer.com/artist/11548145
6f1a58bf-9b1b-49cf-a44a-6cefad7ae04f,Dua Lipa,https://www.deezer.com/artist/8706544
b95ce3ff-3d05-4e87-9e01-c97b66af13d4,Eminem,https://www.wikidata.org/wiki/Q5608
b95ce3ff-3d05-4e87-9e01-c97b66af13d4,Eminem,https://www.discogs.com/artist/108184
dae7d996-38fe-4578-bf75-1e2510f522bb,Gazo,https://www.deezer.com/artist/8873540
635e50a0-3c8f-4675-a0e6-9e3555cc4e0a,Leto,https://www.discogs.com/artist/5799237
6f1a58bf-9b1b-49cf-a44a-6cefad7ae04f,Dua Lipa,https://www.discogs.com/artist/4357593
dae7d996-38fe-4578-bf75-1e2510f522bb,Gazo,https://open.spotify.com/artist/5gqmbbfjcikQBzPB5Hv13I
b95ce3ff-3d05-4e87-9e01-c97b66af13d4,Eminem,https://open.spotify.com/artist/7dGJo4pcD2V6oG8kP0tJRR
dae7d996-38fe-4578-bf75-1e2510f522bb,Gazo,https://open.spotify.com/artist/1bfIl1O9BgTaeL47gKrIgn
b95ce3ff-3d05-4e87-9e01-c97b66af13d4,Eminem,https://www.discogs.com/artist/644153
2bd0c272-dd22-4395-8381-18fa2fa59f1e,Tiakola,https://www.wikidata.org/wiki/Q110409381
6f1a58bf-9b1b-49cf-a44a-6cefad7ae04f,Dua Lipa,https://www.allmusic.com/artist/mn0003426731
6f1a58bf-9b1b-49cf-a44a-6cefad7ae04f,Dua Lipa,https://open.spotify.com/artist/6M2wZ9GZgrQXHCFfjv46we
dae7d996-38fe-4578-bf75-1e2510f522bb,Gazo,https://www.discogs.com/artist/8136520
2bd0c272-dd22-4395-8381-18fa2fa59f1e,Tiakola,https://open.spotify.com/artist/3vUMXQ9kPnZAQkMkZZ7Hfh
b95ce3ff-3d05-4e87-9e01-c97b66af13d4,Eminem,https://www.discogs.com/artist/38661
635e50a0-3c8f-4675-a0e6-9e3555cc4e0a,Leto,https://open.spotify.com/artist/6HCBnyTBSLdb3TFn2ayulY
635e50a0-3c8f-4675-a0e6-9e3555cc4e0a,Leto,https://www.wikidata.org/wiki/Q104671539
3134d99c-a372-424a-9f65-d2dacfdccaba,Zola,https://open.spotify.com/artist/54kCbQZaZWHnwwj9VP2hn4
6cad3ce5-6380-4594-a8da-ae7d273b683d,Orelsan,https://www.discogs.com/artist/1409627
c65e3fcc-5c6c-4237-a23d-5bccc75e8262,SCH,https://www.discogs.com/artist/2518
6cad3ce5-6380-4594-a8da-ae7d273b683d,Orelsan,https://www.deezer.com/artist/259467
785c0e9c-89f6-4bf4-8296-443a46632d62,Booba,https://www.discogs.com/artist/245750
3134d99c-a372-424a-9f65-d2dacfdccaba,Zola,https://www.discogs.com/artist/1326571
6cad3ce5-6380-4594-a8da-ae7d273b683d,Orelsan,https://www.discogs.com/artist/422011
6cad3ce5-6380-4594-a8da-ae7d273b683d,Orelsan,https://open.spotify.com/artist/4FpJcNgOvIpSBeJgRg3OfN
785c0e9c-89f6-4bf4-8296-443a46632d62,Booba,https://www.discogs.com/artist/1539226
6cad3ce5-6380-4594-a8da-ae7d273b683d,Orelsan,https://www.allmusic.com/artist/mn0001489936
6cad3ce5-6380-4594-a8da-ae7d273b683d,Orelsan,https://www.wikidata.org/wiki/Q2813374
c65e3fcc-5c6c-4237-a23d-5bccc75e8262,SCH,https://www.discogs.com/artist/1096797
6cad3ce5-6380-4594-a8da-ae7d273b683d,Orelsan,https://www.discogs.com/artist/3572885
785c0e9c-89f6-4bf4-8296-443a46632d62,Booba,https://www.deezer.com/artist/390
785c0e9c-89f6-4bf4-8296-443a46632d62,Booba,https://www.wikidata.org/wiki/Q642477
785c0e9c-89f6-4bf4-8296-443a46632d62,Booba,https://www.allmusic.com/artist/mn0001038902
ee5acbd5-d291-4fe1-a06a-88060b131b77,SDM,https://www.deezer.com/artist/604107
ee5acbd5-d291-4fe1-a06a-88060b131b77,SDM,https://www.wikidata.org/wiki/Q106686959
785c0e9c-89f6-4bf4-8296-443a46632d62,Booba,https://www.deezer.com/artist/85298122
785c0e9c-89f6-4bf4-8296-443a46632d62,Booba,https://open.spotify.com/artist/58wXmynHaAWI5hwlPZP3qL
dd39c374-ee3b-470a-9a7d-b6fe0b331ee1,Angèle,https://www.discogs.com/artist/7222550
ee5acbd5-d291-4fe1-a06a-88060b131b77,SDM,https://open.spotify.com/artist/0LKAV3zJ8a8AIGnyc5OvfB
3134d99c-a372-424a-9f65-d2dacfdccaba,Zola,https://www.deezer.com/artist/13962203
5386511f-b7bd-4058-9b5e-2c5dc426e1c9,Lomepal,https://www.wikidata.org/wiki/Q33017850
5386511f-b7bd-4058-9b5e-2c5dc426e1c9,Lomepal,https://open.spotify.com/artist/1Yfe3ONJlioHys7jwHdfVm
5386511f-b7bd-4058-9b5e-2c5dc426e1c9,Lomepal,https://www.discogs.com/artist/2815922
5386511f-b7bd-4058-9b5e-2c5dc426e1c9,Lomepal,https://www.deezer.com/artist/5111084
b8a7c51f-362c-4dcb-a259-bc6e0095f0a6,Ed Sheeran,https://www.wikidata.org/wiki/Q47447
b8a7c51f-362c-4dcb-a259-bc6e0095f0a6,Ed Sheeran,https://www.deezer.com/artist/384236
b8a7c51f-362c-4dcb-a259-bc6e0095f0a6,Ed Sheeran,https://www.allmusic.com/artist/mn0002639628
b8a7c51f-362c-4dcb-a259-bc6e0095f0a6,Ed Sheeran,https://open.spotify.com/artist/6eUKZXaKkcviH0Ku9w2n3V
b8a7c51f-362c-4dcb-a259-bc6e0095f0a6,Ed Sheeran,https://www.discogs.com/artist/2184482
120df9bb-6660-4e11-80b2-7ec9adaafa80,PLK,https://www.discogs.com/artist/2073165
7c06787d-5433-46c1-861d-bd97fe1b7593,Maes,https://open.spotify.com/artist/04jFa5puMDOK1Aq2453C4V
7c06787d-5433-46c1-861d-bd97fe1b7593,Maes,https://open.spotify.com/artist/43L4OB92W6CB1dlwOA0hXw
66ffca84-c76f-416b-9371-89ccb7bb9da6,OBOY,https://open.spotify.com/artist/66Ok6bgC570sHkw08N20pZ
062ab94e-b7a5-47a9-b3f4-cc1750c3f859,Vald,https://www.deezer.com/artist/5175734
062ab94e-b7a5-47a9-b3f4-cc1750c3f859,Vald,https://www.allmusic.com/artist/mn0003313680
062ab94e-b7a5-47a9-b3f4-cc1750c3f859,Vald,https://www.discogs.com/artist/3279763
0c980a2b-ca09-4d04-ad80-e7c2ce9621fb,Tayc,https://www.deezer.com/artist/12526056
0c980a2b-ca09-4d04-ad80-e7c2ce9621fb,Tayc,https://www.discogs.com/artist/7504301
66ffca84-c76f-416b-9371-89ccb7bb9da6,OBOY,https://www.discogs.com/artist/5118720
0c980a2b-ca09-4d04-ad80-e7c2ce9621fb,Tayc,https://www.wikidata.org/wiki/Q97178211
062ab94e-b7a5-47a9-b3f4-cc1750c3f859,Vald,https://www.wikidata.org/wiki/Q21091667
66ffca84-c76f-416b-9371-89ccb7bb9da6,OBOY,https://www.deezer.com/artist/4986771
062ab94e-b7a5-47a9-b3f4-cc1750c3f859,Vald,https://open.spotify.com/artist/3CnCGFxXbOA8bAK54jR8js
0c980a2b-ca09-4d04-ad80-e7c2ce9621fb,Tayc,https://open.spotify.com/artist/7gU9VyFRN3JWPJ5oHOil60
33537b07-e003-4cd2-a44a-71222de6692e,Zola,https://open.spotify.com/artist/7bIi4qdhvW4W3zVZZTnRUG
7c06787d-5433-46c1-861d-bd97fe1b7593,Maes,https://www.discogs.com/artist/7090088
ce155ad5-afc8-4398-bf38-c99f02cd0814,Naps,https://open.spotify.com/artist/6W5uA6CNMf3hd2j4a2XWCx
ce155ad5-afc8-4398-bf38-c99f02cd0814,Naps,https://www.discogs.com/artist/6717192
ce155ad5-afc8-4398-bf38-c99f02cd0814,Naps,https://www.deezer.com/artist/4842061
93d0c86a-ab81-437e-b94f-e9f8ac4f075f,Alonzo,https://www.discogs.com/artist/3690463
ce155ad5-afc8-4398-bf38-c99f02cd0814,Naps,https://www.wikidata.org/wiki/Q55008483
ce155ad5-afc8-4398-bf38-c99f02cd0814,Naps,https://www.allmusic.com/artist/mn0002966549
7c06787d-5433-46c1-861d-bd97fe1b7593,Maes,https://www.deezer.com/artist/14287391
55304866-1b79-4365-a6b1-961c95e9fc57,PLK,https://www.discogs.com/artist/6457184
55304866-1b79-4365-a6b1-961c95e9fc57,PLK,https://www.wikidata.org/wiki/Q65153697
847e8a0c-cc20-4213-9e16-975515c2a926,Céline Dion,https://www.discogs.com/artist/19298
012151a8-0f9a-44c9-997f-ebd68b5389f9,Imagine Dragons,https://www.discogs.com/artist/2727700
55304866-1b79-4365-a6b1-961c95e9fc57,PLK,https://open.spotify.com/artist/3DCWeG2J1fZeu0Oe6i5Q6m
847e8a0c-cc20-4213-9e16-975515c2a926,Céline Dion,https://www.deezer.com/artist/198
847e8a0c-cc20-4213-9e16-975515c2a926,Céline Dion,https://www.wikidata.org/wiki/Q5105
55304866-1b79-4365-a6b1-961c95e9fc57,PLK,https://www.deezer.com/artist/1479842
012151a8-0f9a-44c9-997f-ebd68b5389f9,Imagine Dragons,https://www.deezer.com/artist/416239
847e8a0c-cc20-4213-9e16-975515c2a926,Céline Dion,https://www.allmusic.com/artist/mn0000186185
847e8a0c-cc20-4213-9e16-975515c2a926,Céline Dion,https://open.spotify.com/artist/4S9EykWXhStSc15wEx8QFK
012151a8-0f9a-44c9-997f-ebd68b5389f9,Imagine Dragons,https://open.spotify.com/artist/53XhwfbYqKCa1cC15pYq2q
012151a8-0f9a-44c9-997f-ebd68b5389f9,Imagine Dragons,https://www.wikidata.org/wiki/Q391348
e52815f0-0db9-49b2-acb7-1af6b2dfa936,Soprano,https://open.spotify.com/artist/2RJBv9wXbW6m539q9NOfW1
6b38964d-bdf8-434b-81a1-9ad7969ec14f,PLK,https://www.discogs.com/artist/1465867
e52815f0-0db9-49b2-acb7-1af6b2dfa936,Soprano,https://www.wikidata.org/wiki/Q1372291
012151a8-0f9a-44c9-997f-ebd68b5389f9,Imagine Dragons,https://www.allmusic.com/artist/mn0002040645
e52815f0-0db9-49b2-acb7-1af6b2dfa936,Soprano,https://www.discogs.com/artist/225194
e52815f0-0db9-49b2-acb7-1af6b2dfa936,Soprano,https://www.deezer.com/artist/13011
6b38964d-bdf8-434b-81a1-9ad7969ec14f,PLK,https://open.spotify.com/artist/4mBcLvhAeOhQMbTfBSmTvx
e52815f0-0db9-49b2-acb7-1af6b2dfa936,Soprano,https://www.discogs.com/artist/2279141
